"key","context","en","zh-CN","zh-TW","status"
"language.label","Global language selector label","Language","语言","語言","ai_draft"
"language.english","Language name shown in its own language","English","English","English","ai_draft"
"language.simplifiedChinese","Language name shown in its own language","Simplified Chinese","简体中文","简体中文","ai_draft"
"language.traditionalChinese","Language name shown in its own language","Traditional Chinese","繁體中文","繁體中文","ai_draft"
"common.retry","Retry button","Retry","重试","重試","ai_draft"
"common.close","Close button","Close","关闭","關閉","ai_draft"
"common.backToLobby","Navigation button","Back to lobby","返回大厅","返回大廳","ai_draft"
"common.cancel","Cancel action","Cancel","取消","取消","ai_draft"
"common.unavailable","Unavailable value","Unavailable","不可用","無法使用","ai_draft"
"common.loading","Generic loading status","Loading…","正在加载…","載入中…","ai_draft"
"common.errorCode","Error code prefix","Error code: {code}","错误代码：{code}","錯誤代碼：{code}","ai_draft"
"common.you","Current player label","You","你","你","ai_draft"
"common.remove","Remove action","Remove","移除","移除","ai_draft"
"common.join","Join action","Join","加入","加入","ai_draft"
"common.hide","Hide action","Hide","隐藏","隱藏","ai_draft"
"common.jade","Canonical soft-currency name; product specification requires 玉","Jade","玉","玉","ai_draft"
"auth.title","Product title","Mahjong Online","在线麻将","線上麻將","ai_draft"
"auth.alpha","Pre-release product stage","Alpha","Alpha 测试版","Alpha 測試版","ai_draft"
"auth.continueGuest","Guest sign-in button","Continue as Guest","以访客身份继续","以訪客身分繼續","ai_draft"
"auth.analyticsConsent","Optional analytics checkbox","Share optional gameplay analytics to help improve Mahjong.","分享可选的游戏分析数据，帮助改进麻将体验。","分享選用的遊戲分析資料，協助改善麻將體驗。","ai_draft"
"auth.analyticsDetail","Privacy explanation under analytics consent","This includes tutorial and queue journey events. Essential reliability diagnostics remain on. We never include email, birth date, chat, or concealed tiles.","这包括教程和排队流程事件。必要的可靠性诊断会保持启用。我们绝不会收集电子邮箱、出生日期、聊天内容或暗牌。","這包括教學與排隊流程事件。必要的可靠性診斷會保持啟用。我們絕不會收集電子郵件、出生日期、聊天內容或暗牌。","ai_draft"
"auth.methodLabel","Accessible label for email authentication tabs","Email sign-in method","电子邮箱登录方式","電子郵件登入方式","ai_draft"
"auth.signIn","Sign-in tab","Sign in","登录","登入","ai_draft"
"auth.createAccount","Account-registration tab and action","Create account","创建账号","建立帳號","ai_draft"
"auth.email","Email field label","Email","电子邮箱","電子郵件","ai_draft"
"auth.password","Password field label","Password","密码","密碼","ai_draft"
"auth.username","Username field label","Username","用户名","使用者名稱","ai_draft"
"auth.country","Country field label","Country","国家或地区","國家或地區","ai_draft"
"auth.verificationCode","One-time verification code field","Verification code","验证码","驗證碼","ai_draft"
"auth.birthMonthYear","Age-gate birth month and year label","Birth month and year","出生月份和年份","出生月份與年份","ai_draft"
"auth.birthMonthLabel","Accessible label for birth-month select","Birth month","出生月份","出生月份","ai_draft"
"auth.birthYearLabel","Accessible label for birth-year select","Birth year","出生年份","出生年份","ai_draft"
"auth.month","Empty birth-month option","Month","月份","月份","ai_draft"
"auth.year","Empty birth-year option","Year","年份","年份","ai_draft"
"auth.ageConfirm","Age-gate confirmation checkbox","I confirm this birth month and year are accurate.","我确认此出生月份和年份准确无误。","我確認此出生月份與年份正確無誤。","ai_draft"
"auth.signingIn","Sign-in progress","Signing in…","正在登录…","登入中…","ai_draft"
"auth.signInEmail","Email sign-in submit button","Sign in with email","使用电子邮箱登录","使用電子郵件登入","ai_draft"
"auth.sendingCode","Verification-code request progress","Sending code…","正在发送验证码…","正在傳送驗證碼…","ai_draft"
"auth.sendCode","Verification-code request action","Send verification code","发送验证码","傳送驗證碼","ai_draft"
"auth.creatingAccount","Registration progress","Creating account…","正在创建账号…","正在建立帳號…","ai_draft"
"settings.account","Settings section eyebrow","Account","账号","帳號","ai_draft"
"settings.title","Settings screen title","Settings","设置","設定","ai_draft"
"settings.description","Settings account-sync explanation","Preferences are saved to your Mahjong account and follow registered players to other devices.","偏好设置会保存到你的麻将账号，并会随已注册玩家同步到其他设备。","偏好設定會儲存至你的麻將帳號，已註冊玩家在其他裝置上也會同步套用。","ai_draft"
"settings.learning","Learning settings category","Learning","学习","學習","ai_draft"
"settings.tutorial","Tutorial settings title","Tutorial","教程","教學","ai_draft"
"settings.showLearn","Tutorial visibility toggle","Show Learn section","显示“学习”区域","顯示「學習」區域","ai_draft"
"settings.showLearnHelp","Tutorial visibility setting help","Hide the tutorial card from the lobby. You can always turn it back on here.","在大厅中隐藏教程卡片。你随时可以在这里重新开启。","在大廳中隱藏教學卡片。你隨時可以在這裡重新開啟。","ai_draft"
"settings.privacy","Privacy settings category","Privacy","隐私","隱私","ai_draft"
"settings.analytics","Analytics settings title","Analytics","分析","分析","ai_draft"
"settings.shareAnalytics","Analytics consent toggle","Share optional gameplay analytics","分享可选的游戏分析数据","分享選用的遊戲分析資料","ai_draft"
"settings.shareAnalyticsHelp","Analytics consent help","Helps improve tutorial and queue journeys. Email, birth date, chat, and concealed tiles are never included.","帮助改进教程和排队流程。绝不会包含电子邮箱、出生日期、聊天内容或暗牌。","協助改善教學與排隊流程。絕不會包含電子郵件、出生日期、聊天內容或暗牌。","ai_draft"
"settings.rules","Rules settings category","Rules","规则","規則","ai_draft"
"settings.loading","Account-settings load status","Loading account settings…","正在加载账号设置…","正在載入帳號設定…","ai_draft"
"settings.saving","Account-settings save status","Saving to your account…","正在保存到你的账号…","正在儲存至你的帳號…","ai_draft"
"settings.saved","Account-settings saved status","Settings saved to your account.","设置已保存到你的账号。","設定已儲存至你的帳號。","ai_draft"
"settings.syncError","AGS Cloud Save settings error","Settings could not sync with AccelByte Cloud Save.","设置无法与 AccelByte 云存档同步。","設定無法與 AccelByte 雲端存檔同步。","ai_draft"
"header.walletLabel","Accessible label for the currency balances","Virtual currency balances","虚拟货币余额","虛擬貨幣餘額","ai_draft"
"header.store","Store navigation action","Store","商店","商店","ai_draft"
"header.edit","Profile edit disclosure","Edit","编辑","編輯","ai_draft"
"header.guestPrefix","Guest persistence warning before account action","Progress is tied to this device until you","在你创建账号之前，游戏进度只会保存在此设备上。请","在你建立帳號之前，遊戲進度只會保存在此裝置上。請","ai_draft"
"header.createAccount","Inline guest-upgrade action","create an account","创建账号","建立帳號","ai_draft"
"header.reserved","Reserved currency message","{count} Jade reserved for your current table.","当前牌桌已预留 {count} 玉。","目前牌桌已保留 {count} 玉。","ai_draft"
"header.matchHistory","Match-history label","Match History","对局记录","對局紀錄","ai_draft"
"header.openMatchHistory","Accessible match-history action label","Open match history","打开对局记录","開啟對局紀錄","ai_draft"
"header.winsGames","Compact player record; wins and hands played","{wins} Wins / {games} Games Played","{wins} 胜 / 已玩 {games} 局","{wins} 勝 / 已玩 {games} 局","ai_draft"
"header.playGame","Empty match-history prompt","Play a Game","开始一局","開始一局","ai_draft"
"header.progress","Progression label","Progress","进度","進度","ai_draft"
"header.openProgress","Accessible progression action label","Open progression","打开成长进度","開啟成長進度","ai_draft"
"header.openProgressLevel","Accessible progression action with current level","Open progression, level {level}","打开成长进度，等级 {level}","開啟成長進度，等級 {level}","ai_draft"
"header.level","Player level","Level {level}","等级 {level}","等級 {level}","ai_draft"
"header.noProgress","Empty progression state","No progress yet","暂无进度","尚無進度","ai_draft"
"header.viewProgress","Progression navigation action","View Progress","查看进度","查看進度","ai_draft"
"header.maximumLevel","Maximum player level state","Maximum level","已达最高等级","已達最高等級","ai_draft"
"header.levelProgress","Accessible label for level progress bar","Level {level} progress","等级 {level} 进度","等級 {level} 進度","ai_draft"
"header.connecting","Lobby connection progress","Connecting…","正在连接…","連線中…","ai_draft"
"header.reconnecting","Lobby reconnection status","Connection lost. Reconnecting…","连接已中断，正在重新连接…","連線已中斷，正在重新連線…","ai_draft"
"practice.eyebrow","Practice mode category","Solo Practice","单人练习","單人練習","ai_draft"
"practice.title","Practice mode title","Play a full hand against three bots","与三名电脑对手完成一局","與三名電腦對手完成一局","ai_draft"
"practice.description","Practice mode description","Untimed, no queue, and no pressure. Practice does not change Jade, rating, levels, or achievements. Progression is earned in Online Play.","不限时、无需排队、毫无压力。练习不会改变玉、评分、等级或成就；成长进度需通过在线对局获得。","不限時、無須排隊、毫無壓力。練習不會改變玉、評分、等級或成就；成長進度須透過線上對局獲得。","ai_draft"
"practice.action","Start practice action","Practice vs Bots","与电脑练习","與電腦練習","ai_draft"
"practice.unconfigured","Practice service unavailable error","Practice is unavailable because the match service is not configured.","由于对局服务尚未配置，练习模式目前不可用。","由於對局服務尚未設定，練習模式目前無法使用。","ai_draft"
"practice.leaveFailed","Previous-table cleanup error","We couldn't leave your previous table. Retry before starting another.","无法离开上一张牌桌。请重试后再开始新对局。","無法離開上一張牌桌。請重試後再開始新對局。","ai_draft"
"practice.tableActive","Practice blocked by active table","A table is already active. Leave it before starting Practice.","已有一张牌桌处于活动状态。请先离开，再开始练习。","已有一張牌桌處於活動狀態。請先離開，再開始練習。","ai_draft"
"practice.retryLeave","Retry leaving a table","Retry leaving table","重试离开牌桌","重試離開牌桌","ai_draft"
"practice.leaveCurrent","Leave current table action","Leave current table","离开当前牌桌","離開目前牌桌","ai_draft"
"lobby.learnTitle","Tutorial card title","Learn to Play","学习玩法","學習玩法","ai_draft"
"lobby.learnNew","Tutorial card description before onboarding","Learn turns, winning shapes, claim words, and Tai on the real table. Your first completion or intentional skip awards 500 XP.","在真实牌桌上学习回合、胡牌牌型、吃碰杠术语和台数。首次完成或主动跳过可获得 500 经验值。","在真實牌桌上學習回合、胡牌牌型、吃碰槓術語與台數。首次完成或主動略過可獲得 500 經驗值。","ai_draft"
"lobby.learnReplay","Tutorial card description after completion","Replay the beginner lessons any time. Untimed, skippable, and safe.","随时重玩新手课程。不限时、可跳过，放心练习。","隨時重玩新手課程。不限時、可略過，放心練習。","ai_draft"
"lobby.learnResume","Tutorial card description after a skip","Pick up the four beginner lessons whenever you are ready.","准备好后，随时继续四节新手课程。","準備好後，隨時繼續四節新手課程。","ai_draft"
"lobby.startTutorial","Start tutorial action","Start the tutorial","开始教程","開始教學","ai_draft"
"lobby.continueTutorial","Resume tutorial action","Continue the tutorial","继续教程","繼續教學","ai_draft"
"lobby.replayTutorial","Replay tutorial action","Replay the tutorial","重玩教程","重玩教學","ai_draft"
"lobby.playOnline","Online mode category","Play Online","在线对局","線上對局","ai_draft"
"lobby.playAtTier","Online table title","Play one hand at {tier}","在{tier}进行一局","在{tier}進行一局","ai_draft"
"lobby.onlineDescription","Quick Play duration and player count","One live hand against three humans · about 8 to 15 minutes.","与三名真人玩家进行一局 · 约 8 至 15 分钟。","與三名真人玩家進行一局 · 約 8 至 15 分鐘。","ai_draft"
"lobby.loadingJade","Jade-balance loading status","Loading Jade balance…","正在加载玉余额…","正在載入玉餘額…","ai_draft"
"lobby.retryBalance","Retry Jade-balance load","Retry balance","重试加载余额","重試載入餘額","ai_draft"
"lobby.jadeAvailable","Available Jade amount","{count} Jade available","可用玉：{count}","可用玉：{count}","ai_draft"
"lobby.jadeReserved","Reserved Jade amount","{count} Jade reserved for your table","牌桌已预留 {count} 玉","牌桌已保留 {count} 玉","ai_draft"
"lobby.poolUnavailable","Online matchmaking configuration error","Online play is unavailable because the matchmaking pool is not configured.","由于匹配池尚未配置，在线对局目前不可用。","由於配對池尚未設定，線上對局目前無法使用。","ai_draft"
"lobby.findTable","Start matchmaking action","Find a table","寻找牌桌","尋找牌桌","ai_draft"
"lobby.fullRotationQueue","Full Rotation queue label","Full Rotation queue","全圈模式队列","全圈模式佇列","ai_draft"
"lobby.quickPlayQueue","Quick Play queue label","Quick Play queue","快速对局队列","快速對局佇列","ai_draft"
"lobby.matchmakingLabel","Accessible matchmaking panel label","{mode} matchmaking status","{mode}匹配状态","{mode}配對狀態","ai_draft"
"lobby.quickPlay","Quick Play mode name","Quick Play","快速对局","快速對局","ai_draft"
"lobby.fullRotation","Full Rotation mode name","Full Rotation","全圈模式","全圈模式","ai_draft"
"lobby.joiningQueue","Matchmaking queue progress","Joining queue…","正在加入队列…","正在加入佇列…","ai_draft"
"lobby.releasingJade","Jade reservation release progress","Releasing Jade reservation…","正在释放预留的玉…","正在釋放保留的玉…","ai_draft"
"lobby.queueAlternative","Slow-queue alternative explanation","You can keep waiting, or play a Practice hand now instead.","你可以继续等待，也可以立即进行一局练习。","你可以繼續等待，也可以立即進行一局練習。","ai_draft"
"lobby.practiceInstead","Leave queue for practice action","Practice instead","改为练习","改為練習","ai_draft"
"lobby.leavingQueue","Queue cancellation progress","Leaving queue…","正在离开队列…","正在離開佇列…","ai_draft"
"lobby.ticket","Matchmaking ticket identifier","Ticket: {id}","匹配票：{id}","配對票：{id}","ai_draft"
"lobby.matchFound","Successful matchmaking status","Match found","已找到对局","已找到對局","ai_draft"
"lobby.joiningTable","Automatic table-join progress","Joining the shared table automatically…","正在自动加入共享牌桌…","正在自動加入共用牌桌…","ai_draft"
"lobby.retryJoin","Retry joining matched table","Retry joining table","重试加入牌桌","重試加入牌桌","ai_draft"
"lobby.agsNoSession","AGS matchmaking result missing a Session","AGS returned a match without a Session yet.","AGS 已返回匹配结果，但尚未创建会话。","AGS 已傳回配對結果，但尚未建立工作階段。","ai_draft"
"lobby.retryLeaveQueue","Retry matchmaking cancellation","Retry leaving queue","重试离开队列","重試離開佇列","ai_draft"
"lobby.retryReleaseJade","Retry Jade reservation release","Retry releasing Jade","重试释放玉","重試釋放玉","ai_draft"
"lobby.retryMatchmaking","Retry matchmaking","Retry matchmaking","重试匹配","重試配對","ai_draft"
"lobby.submitFeedback","Feedback navigation action","Submit Feedback","提交反馈","提交意見","ai_draft"
"lobby.feedbackHelp","Feedback navigation description","Share gameplay, connection, or UI feedback","分享关于玩法、连接或界面的反馈","分享關於玩法、連線或介面的意見","ai_draft"
"lobby.settingsHelp","Settings navigation description","Rules, tutorial visibility, and privacy","规则、教程显示和隐私","規則、教學顯示與隱私","ai_draft"
"tier.bamboo","Canonical Bamboo Courtyard lobby name","Bamboo Courtyard","翠竹庭","翠竹庭","ai_draft"
"tier.sparrow","Canonical Sparrow Pavilion lobby name","Sparrow Pavilion","雀鸟阁","雀鳥閣","ai_draft"
"tier.windCloud","Canonical Wind and Cloud Lounge lobby name","Wind and Cloud Lounge","风云厅","風雲廳","ai_draft"
"tier.dragon","Canonical Dragon's Den lobby name","Dragon's Den","龙穴","龍穴","ai_draft"
"tier.summary","Jade tier entry and loss terms","{minimum} Jade minimum · {stake} per Tai · {cap} maximum loss","最低 {minimum} 玉 · 每台 {stake} 玉 · 最大损失 {cap} 玉","最低 {minimum} 玉 · 每台 {stake} 玉 · 最大損失 {cap} 玉","ai_draft"
"queue.searching","Initial matchmaking queue status","Searching for players.","正在寻找玩家。","正在尋找玩家。","ai_draft"
"queue.normal","Normal matchmaking queue status","Still searching. A table needs four players.","仍在寻找玩家。一张牌桌需要四名玩家。","仍在尋找玩家。一張牌桌需要四名玩家。","ai_draft"
"queue.slow","Slow matchmaking queue explanation","This is taking longer than usual. Four players are needed and nobody is filled in by a bot.","等待时间比平时更长。需要四名玩家，电脑不会补位。","等待時間比平時更長。需要四名玩家，電腦不會補位。","ai_draft"
"queue.seconds","Elapsed matchmaking queue time in seconds","{seconds}s in queue","已排队 {seconds} 秒","已排隊 {seconds} 秒","ai_draft"
"queue.minutes","Elapsed matchmaking queue time in minutes and seconds","{minutes}m {seconds}s in queue","已排队 {minutes} 分 {seconds} 秒","已排隊 {minutes} 分 {seconds} 秒","ai_draft"
"party.eyebrow","Party panel category","Party","队伍","隊伍","ai_draft"
"party.title","Party panel title","Play together","一起游玩","一起遊玩","ai_draft"
"party.loading","Party loading status","Loading party…","正在加载队伍…","正在載入隊伍…","ai_draft"
"party.description","Party purpose explanation","Start a party and invite friends, and you will all be seated at the same table. A party of four fills a table on its own.","创建队伍并邀请好友，所有成员都会坐在同一张牌桌。四人队伍可以直接坐满一桌。","建立隊伍並邀請好友，所有成員都會坐在同一張牌桌。四人隊伍可以直接坐滿一桌。","ai_draft"
"party.starting","Party creation progress","Starting…","正在创建…","正在建立…","ai_draft"
"party.start","Party creation action","Start a party","创建队伍","建立隊伍","ai_draft"
"party.joinCode","Invite-code form label","Or join with an invite code","或使用邀请码加入","或使用邀請碼加入","ai_draft"
"party.enterCode","Invite-code input placeholder","Enter code","输入邀请码","輸入邀請碼","ai_draft"
"party.seats","Party seat count","{count} of 4 seats taken{full}","已占用 {count}/4 个座位{full}","已占用 {count}/4 個座位{full}","ai_draft"
"party.full","Party-full suffix"," · full"," · 已满"," · 已滿","ai_draft"
"party.leader","Party leader role","Leader","队长","隊長","ai_draft"
"party.invited","Pending party invitation role","Invited","已邀请","已邀請","ai_draft"
"party.inviteHelp","Party invitation help","Invite friends from the list below, or share the code.","从下方列表邀请好友，或分享邀请码。","從下方清單邀請好友，或分享邀請碼。","ai_draft"
"party.inviteCode","Party invite code","Invite code: {code}","邀请码：{code}","邀請碼：{code}","ai_draft"
"party.getCode","Generate invite code action","Get an invite code","获取邀请码","取得邀請碼","ai_draft"
"party.leave","Leave party action","Leave party","离开队伍","離開隊伍","ai_draft"
"upgrade.created","Guest-account upgrade success","Account created","账号已创建","帳號已建立","ai_draft"
"upgrade.createdDetail","Guest-account upgrade success detail","You can now sign in with {email} on any device. Your Jade, rating, and progression stayed with this account.","现在可以在任何设备上使用 {email} 登录。你的玉、评分和成长进度均保留在此账号中。","現在可以在任何裝置上使用 {email} 登入。你的玉、評分與成長進度均保留在此帳號中。","ai_draft"
"upgrade.guest","Guest-account upgrade category","Playing as a guest","正在以访客身份游玩","正在以訪客身分遊玩","ai_draft"
"upgrade.keepProgress","Guest-account upgrade title","Keep this progress","保留当前进度","保留目前進度","ai_draft"
"upgrade.detail","Guest-account upgrade explanation","Add an email and password to this account. Your Jade, rating, and progression stay exactly as they are — a full account just means you can sign back in from another device, or after clearing this browser's storage.","为此账号添加电子邮箱和密码。你的玉、评分和成长进度会原样保留；完整账号只是让你能在其他设备上，或清除浏览器存储后重新登录。","為此帳號新增電子郵件與密碼。你的玉、評分與成長進度會原樣保留；完整帳號只是讓你能在其他裝置上，或清除瀏覽器儲存空間後重新登入。","ai_draft"
"upgrade.fullAccount","Open guest-account upgrade form","Create a full account","创建完整账号","建立完整帳號","ai_draft"
"upgrade.notNow","Dismiss guest-account upgrade","Not now","暂时不要","暫時不要","ai_draft"
"upgrade.confirmAge","Age-gate validation","Confirm your age to continue.","请确认年龄后继续。","請確認年齡後繼續。","ai_draft"
"upgrade.enterBirth","Age-gate validation","Enter your birth month and year.","请输入出生月份和年份。","請輸入出生月份與年份。","ai_draft"
"upgrade.minimumAge","Age-gate minimum-age validation","You must be at least {age} years old to create an account.","你必须年满 {age} 岁才能创建账号。","你必須年滿 {age} 歲才能建立帳號。","ai_draft"
"feedback.help","Feedback screen category","Help improve Mahjong","帮助改进麻将","協助改善麻將","ai_draft"
"feedback.report","Issue report screen title","Report Issues","报告问题","回報問題","ai_draft"
"feedback.submitTitle","Feedback screen title","Submit Feedback","提交反馈","提交意見","ai_draft"
"feedback.thanks","Feedback success title","Thank you","谢谢","謝謝","ai_draft"
"feedback.saved","Feedback success detail","Your feedback was saved with your account for review.","你的反馈已随账号保存，等待审核。","你的意見已隨帳號儲存，等待審查。","ai_draft"
"feedback.sessionAttached","Feedback attached-session detail","Session {id} was attached automatically.","已自动附上会话 {id}。","已自動附上工作階段 {id}。","ai_draft"
"feedback.done","Close completed feedback flow","Done","完成","完成","ai_draft"
"feedback.sessionId","Session identifier field","Session ID","会话 ID","工作階段 ID","ai_draft"
"feedback.category","Feedback category field","Category","类别","類別","ai_draft"
"feedback.gameplay","Feedback category","Gameplay","游戏玩法","遊戲玩法","ai_draft"
"feedback.connection","Feedback category","Connection or loading","连接或加载","連線或載入","ai_draft"
"feedback.ui","Feedback category","UI or readability","界面或可读性","介面或易讀性","ai_draft"
"feedback.other","Feedback category","Other","其他","其他","ai_draft"
"feedback.summary","Feedback summary field","Short summary","简短摘要","簡短摘要","ai_draft"
"feedback.details","Feedback detail field","What happened?","发生了什么？","發生了什麼事？","ai_draft"
"feedback.saveError","Feedback submission error","Feedback could not be saved. Please try again.","无法保存反馈，请重试。","無法儲存意見，請再試一次。","ai_draft"
"feedback.submitting","Feedback submission progress","Submitting…","正在提交…","正在提交…","ai_draft"
"feedback.submit","Feedback submit action","Submit","提交","提交","ai_draft"
"profile.badgeSlot","Accessible profile tile slot label","Profile slot {slot}","个人资料栏位 {slot}","個人資料欄位 {slot}","ai_draft"
"profile.eyebrow","Profile editor category","Player profile","玩家资料","玩家資料","ai_draft"
"profile.title","Profile editor title","Personalize your player profile","个性化你的玩家资料","個人化你的玩家資料","ai_draft"
"profile.nickname","Profile nickname field","Nickname","昵称","暱稱","ai_draft"
"profile.slot","Profile tile slot tab","Slot {slot}","栏位 {slot}","欄位 {slot}","ai_draft"
"profile.slotPicker","Accessible profile slot picker label","Profile icon slot","个人资料图标栏位","個人資料圖示欄位","ai_draft"
"profile.chooseTile","Accessible tile picker label","Choose slot {slot} tile","选择栏位 {slot} 的牌","選擇欄位 {slot} 的牌","ai_draft"
"profile.useTile","Accessible tile option action; tile name may remain English pending tile glossary review","Use {tile} for slot {slot}","将{tile}用于栏位 {slot}","將{tile}用於欄位 {slot}","ai_draft"
"locked.comingSoon","Future-feature category","Coming soon","即将推出","即將推出","ai_draft"
"locked.title","Future table tiers title","Higher stakes, rewarding progression, and more personalization features to be introduced in the future.","未来将推出更高等级的牌桌、成长奖励和更多个性化功能。","未來將推出更高等級的牌桌、成長獎勵與更多個人化功能。","ai_draft"
"locked.description","Future table tiers description","Preview the higher-stakes tables planned for future releases.","预览未来版本计划推出的高阶牌桌。","預覽未來版本計畫推出的高階牌桌。","ai_draft"
"recovery.eyebrow","Jade recovery category","Jade recovery","玉恢复","玉補助","ai_draft"
"recovery.title","Jade recovery title","Get back to Bamboo","重返翠竹庭","重返翠竹庭","ai_draft"
"recovery.available","Jade recovery unlocked after practice","Your Practice hand unlocked today's recovery. Claim {amount} Jade to return to the {minimum}-Jade Bamboo minimum.","完成练习局后，今天的补助已解锁。领取 {amount} 玉，即可恢复到翠竹庭最低所需的 {minimum} 玉。","完成練習局後，今天的補助已解鎖。領取 {amount} 玉，即可回復到翠竹庭最低所需的 {minimum} 玉。","ai_draft"
"recovery.practiceRequired","Jade recovery practice requirement","Finish one free Practice hand today to unlock a top-up to {minimum} Jade.","今天完成一局免费练习，即可解锁补助，将余额补至 {minimum} 玉。","今天完成一局免費練習，即可解鎖補助，將餘額補至 {minimum} 玉。","ai_draft"
"recovery.claimed","Daily Jade recovery already claimed","Today's recovery has already been used. It resets at 00:00 UTC.","今天的补助已使用，将于 UTC 00:00 重置。","今天的補助已使用，將於 UTC 00:00 重設。","ai_draft"
"recovery.reservation","Jade recovery blocked by reservation","Leave your active table and release its Jade before claiming recovery.","请先离开当前牌桌并释放预留的玉，再领取补助。","請先離開目前牌桌並釋放保留的玉，再領取補助。","ai_draft"
"recovery.unavailable","Jade recovery unknown state","Recovery status is unavailable. Refresh your Jade balance and try again.","无法获取补助状态。请刷新玉余额后重试。","無法取得補助狀態。請重新整理玉餘額後再試一次。","ai_draft"
"recovery.claiming","Jade recovery claim progress","Claiming recovery…","正在领取补助…","正在領取補助…","ai_draft"
"recovery.claim","Claim Jade recovery action","Claim {amount} Jade","领取 {amount} 玉","領取 {amount} 玉","ai_draft"
"tutorial.welcomeEyebrow","Tutorial welcome duration","Beginner tutorial · about 6 minutes","新手教程 · 约 6 分钟","新手教學 · 約 6 分鐘","ai_draft"
"tutorial.welcomeTitle","Tutorial welcome title","Never played Mahjong? Start here.","没玩过麻将？从这里开始。","沒玩過麻將？從這裡開始。","ai_draft"
"tutorial.welcomeLead","Tutorial welcome explanation","No terminology or scoring knowledge is assumed. You will use the real table, but every step is untimed and every mistake is safe.","无需了解任何术语或计分知识。你将使用真实牌桌，但每一步都不限时，犯错也不会受罚。","無須了解任何術語或計分知識。你將使用真實牌桌，但每一步都不限時，犯錯也不會受罰。","ai_draft"
"tutorial.learnLabel","Accessible tutorial roadmap label","What you will learn","你将学到什么","你將學到什麼","ai_draft"
"tutorial.recipeTitle","Tutorial first-hand recipe title","Your whole first-hand recipe","第一局的完整口诀","第一局的完整口訣","ai_draft"
"tutorial.recipe","Tutorial first-hand recipe","Draw one, discard one, build five groups and a pair, then choose Win when the game offers it.","摸一张、打一张，组成五组牌和一个对子；出现“胡牌”时就选择胡牌。","摸一張、打一張，組成五組牌與一個對子；出現「胡牌」時就選擇胡牌。","ai_draft"
"tutorial.start","Start tutorial action","Start with the basics","从基础开始","從基礎開始","ai_draft"
"tutorial.skip","Skip entire tutorial action","Skip the tutorial","跳过教程","略過教學","ai_draft"
"tutorial.complete","Tutorial completion category","Tutorial complete","教程已完成","教學已完成","ai_draft"
"tutorial.ready","Tutorial completion title","You are ready for your first hand.","你已准备好开始第一局。","你已準備好開始第一局。","ai_draft"
"tutorial.completeLead","Tutorial completion explanation","You do not need to memorise the full rulebook. Keep this small checklist beside you and let the table show the legal actions.","你不必背下整本规则。记住这份简短清单，让牌桌提示可用的合法操作。","你不必背下整本規則。記住這份簡短清單，讓牌桌提示可用的合法操作。","ai_draft"
"tutorial.takeTurn","Tutorial completion checklist title","Take a turn","完成回合","完成回合","ai_draft"
"tutorial.takeTurnDetail","Tutorial completion checklist","Draw one tile, then discard one tile.","摸一张牌，然后打一张牌。","摸一張牌，然後打一張牌。","ai_draft"
"tutorial.buildShape","Tutorial completion checklist title","Build the shape","组成牌型","組成牌型","ai_draft"
"tutorial.buildShapeDetail","Tutorial completion checklist","Five groups plus one matching pair.","五组牌加一个对子。","五組牌加一個對子。","ai_draft"
"tutorial.watchReady","Tutorial completion checklist title","Watch the Ready panel","查看听牌面板","查看聽牌面板","ai_draft"
"tutorial.watchReadyDetail","Tutorial completion checklist","It lists the tiles that can complete your hand.","其中列出能让你胡牌的牌。","其中列出能讓你胡牌的牌。","ai_draft"
"tutorial.countTai","Tutorial completion checklist title","Count Tai","计算台数","計算台數","ai_draft"
"tutorial.countTaiDetail","Tutorial completion checklist","Add the pattern lines shown by the game; every win starts at 1.","将游戏列出的牌型台数相加；每次合法胡牌从 1 台起算。","將遊戲列出的牌型台數相加；每次合法胡牌從 1 台起算。","ai_draft"
"tutorial.practiceNext","Tutorial completion next-step guidance","Next, choose Practice vs Bots in the lobby. It is untimed by default and does not affect Jade or rating.","接下来，在大厅选择“与电脑练习”。此模式默认不限时，也不会影响玉或评分。","接下來，在大廳選擇「與電腦練習」。此模式預設不限時，也不會影響玉或評分。","ai_draft"
"tutorial.finish","Finish tutorial action","Finish and return to lobby","完成并返回大厅","完成並返回大廳","ai_draft"
"tutorial.screenLabel","Accessible tutorial screen label","Mahjong tutorial","麻将教程","麻將教學","ai_draft"
"tutorial.instructionLabel","Accessible tutorial instruction panel label","Tutorial instruction","教程说明","教學說明","ai_draft"
"tutorial.lessonProgress","Tutorial lesson and step progress","Lesson {lesson} of {lessons}","第 {lesson} 课，共 {lessons} 课","第 {lesson} 課，共 {lessons} 課","ai_draft"
"tutorial.stepProgress","Tutorial step progress","Step {step} of {steps}","第 {step} 步，共 {steps} 步","第 {step} 步，共 {steps} 步","ai_draft"
"tutorial.exit","Exit tutorial action","Exit tutorial","退出教程","離開教學","ai_draft"
"tutorial.progressLabel","Accessible tutorial progress bar label","Tutorial progress","教程进度","教學進度","ai_draft"
"tutorial.task","Tutorial task label","Your task","你的任务","你的任務","ai_draft"
"tutorial.remember","Tutorial key-point label","Remember","请记住","請記住","ai_draft"
"tutorial.wordsLabel","Accessible tutorial glossary label","New words","新术语","新術語","ai_draft"
"tutorial.wordsTitle","Tutorial glossary title","New words, in plain language","用简单的话解释新术语","用簡單的話解釋新術語","ai_draft"
"tutorial.total","Tutorial score total","Total","合计","合計","ai_draft"
"tutorial.taiValue","Tai score value","{count} Tai","{count} 台","{count} 台","ai_draft"
"tutorial.chooseTai","Accessible Tai answer group label","Choose the Tai total","选择总台数","選擇總台數","ai_draft"
"tutorial.correctPrefix","Correct tutorial answer prefix","That’s it.","就是这样。","就是這樣。","ai_draft"
"tutorial.hintPrefix","Tutorial retry hint prefix","Try this.","试试这样做。","試試這樣做。","ai_draft"
"tutorial.continue","Continue tutorial action","Continue","继续","繼續","ai_draft"
"tutorial.waitDraw","Tutorial table interaction prompt","Use Draw now in the action bar.","使用操作栏中的“立即摸牌”。","使用操作列中的「立即摸牌」。","ai_draft"
"tutorial.waitDiscard","Tutorial table interaction prompt","Use the tiles in your hand below.","使用下方手牌中的牌。","使用下方手牌中的牌。","ai_draft"
"tutorial.waitClaim","Tutorial table interaction prompt","Use the claim buttons in the action bar.","使用操作栏中的鸣牌按钮。","使用操作列中的鳴牌按鈕。","ai_draft"
"tutorial.resetStep","Reset tutorial step action","Reset step","重置此步骤","重設此步驟","ai_draft"
"tutorial.skipStep","Skip tutorial step action","Skip step","跳过此步骤","略過此步驟","ai_draft"
"tutorial.script.scoreTitle","Tutorial scoring example title","This hand's Tai","这手牌的台数","這手牌的台數","ai_draft"
"tutorial.script.baseWin","Tutorial scoring line","Base Win — every legal win","基本胡 — 每次合法胡牌","基本胡 — 每次合法胡牌","ai_draft"
"tutorial.script.concealed","Tutorial scoring line","Concealed — no open claims","门清 — 没有明牌鸣牌","門清 — 沒有明牌鳴牌","ai_draft"
"tutorial.script.singleWait","Tutorial scoring line","Single Wait — only one tile can finish it","独听 — 只有一种牌可胡","獨聽 — 只有一種牌可胡","ai_draft"
"tutorial.script.c1Title","Tutorial chapter 1 title","Your first turn","你的第一个回合","你的第一個回合","ai_draft"
"tutorial.script.c1Summary","Tutorial chapter 1 summary","Learn the goal and practise the draw-one, discard-one rhythm.","了解目标，练习摸一张、打一张的节奏。","了解目標，練習摸一張、打一張的節奏。","ai_draft"
"tutorial.script.c1s1Instruction","Tutorial c1 step 1 instruction","Finish a complete hand before anyone else.","比其他玩家更早完成一手牌。","比其他玩家更早完成一手牌。","ai_draft"
"tutorial.script.c1s1Detail","Tutorial c1 step 1 detail","This is Taiwanese 16-tile Mahjong. You normally hold 16 tiles. The tile that completes your hand makes 17, and then you choose Win.","这是台湾十六张麻将。通常手中有 16 张牌；完成牌型的第 17 张牌出现后，选择“胡牌”。","這是臺灣十六張麻將。通常手中有 16 張牌；完成牌型的第 17 張牌出現後，選擇「胡牌」。","ai_draft"
"tutorial.script.c1s1Key","Tutorial c1 step 1 key point","For now, remember only this: collect useful groups and keep one pair.","现在只需记住：收集有用的组合，并保留一个对子。","現在只須記住：收集有用的組合，並保留一個對子。","ai_draft"
"tutorial.script.handTerm","Tutorial glossary term","Hand","手牌","手牌","ai_draft"
"tutorial.script.handMeaning","Tutorial glossary definition","The tiles you are building. Your tiles are always along the bottom.","你正在组合的牌。你的牌始终位于画面底部。","你正在組合的牌。你的牌始終位於畫面底部。","ai_draft"
"tutorial.script.wallTerm","Tutorial glossary term","Wall","牌墙","牌牆","ai_draft"
"tutorial.script.wallMeaning","Tutorial glossary definition","The shared supply of face-down tiles in the middle.","中央由所有玩家共用的背面朝上牌堆。","中央由所有玩家共用的牌背朝上牌堆。","ai_draft"
"tutorial.script.c1s2Instruction","Tutorial c1 step 2 instruction","Start your turn by drawing one tile.","摸一张牌，开始你的回合。","摸一張牌，開始你的回合。","ai_draft"
"tutorial.script.c1s2Detail","Tutorial c1 step 2 detail","Most turns are simple: draw one tile, decide what helps, then discard one tile. There is no timer in this lesson.","大多数回合都很简单：摸一张，判断哪张有用，再打一张。本课没有计时。","大多數回合都很簡單：摸一張，判斷哪張有用，再打一張。本課沒有計時。","ai_draft"
"tutorial.script.c1s2Key","Tutorial c1 step 2 key point","Draw 1 → inspect your hand → discard 1","摸 1 张 → 查看手牌 → 打 1 张","摸 1 張 → 查看手牌 → 打 1 張","ai_draft"
"tutorial.script.c1s2Hint","Tutorial c1 step 2 hint","Choose Draw now in the action bar below the table.","在牌桌下方的操作栏中选择“立即摸牌”。","在牌桌下方的操作列中選擇「立即摸牌」。","ai_draft"
"tutorial.script.c1s3Instruction","Tutorial c1 step 3 instruction","You drew a Red Dragon. Discard it to return to 16 tiles.","你摸到一张红中。将它打出，回到 16 张牌。","你摸到一張紅中。將它打出，回到 16 張牌。","ai_draft"
"tutorial.script.c1s3Detail","Tutorial c1 step 3 detail","Tap the tile once to inspect it, then tap the same tile again to discard. The two-tap action helps prevent accidental discards.","点一下牌查看，再点同一张牌一次即可打出。双击操作可减少误打。","點一下牌查看，再點同一張牌一次即可打出。雙擊操作可減少誤打。","ai_draft"
"tutorial.script.c1s3Hint","Tutorial c1 step 3 hint","Find the Red Dragon marked 中 at the end of your hand. Tap it twice.","找到手牌末尾标有“中”的红中，点两次。","找到手牌末尾標有「中」的紅中，點兩次。","ai_draft"
"tutorial.script.c1s3Confirm","Tutorial c1 step 3 confirmation","Nice. Your turn is complete: you drew one tile and discarded one tile.","很好。你的回合完成了：摸一张，打一张。","很好。你的回合完成了：摸一張，打一張。","ai_draft"
"tutorial.script.c2Title","Tutorial chapter 2 title","Build a winning hand","组成胡牌牌型","組成胡牌牌型","ai_draft"
"tutorial.script.c2Summary","Tutorial chapter 2 summary","Meet the tile families and see exactly what five groups plus a pair means.","认识各类麻将牌，了解“五组牌加一个对子”的确切含义。","認識各類麻將牌，了解「五組牌加一個對子」的確切含義。","ai_draft"
"tutorial.script.c2s1Instruction","Tutorial c2 step 1 instruction","Numbered tiles come in three suits: Characters, Bamboo, and Dots.","数牌分为三门：万子、条子和筒子。","數牌分為三門：萬子、條子與筒子。","ai_draft"
"tutorial.script.c2s1Detail","Tutorial c2 step 1 detail","Each suit runs from 1 to 9. Winds and Dragons are Honor tiles and match only identical copies. Flower and Season bonus tiles are revealed and replaced automatically.","每门从 1 到 9。风牌和三元牌属于字牌，只能与相同牌配对。花牌和季节牌会自动亮出并补牌。","每門從 1 到 9。風牌與三元牌屬於字牌，只能與相同牌配對。花牌與季節牌會自動亮出並補牌。","ai_draft"
"tutorial.script.suitTerm","Tutorial glossary term","Suit","花色","花色","ai_draft"
"tutorial.script.suitMeaning","Tutorial glossary definition","One numbered family: Characters, Bamboo, or Dots.","一种数牌类别：万子、条子或筒子。","一種數牌類別：萬子、條子或筒子。","ai_draft"
"tutorial.script.honorTerm","Tutorial glossary term","Honor","字牌","字牌","ai_draft"
"tutorial.script.honorMeaning","Tutorial glossary definition","A Wind or Dragon. Honors do not form number sequences.","风牌或三元牌。字牌不能组成数字顺子。","風牌或三元牌。字牌不能組成數字順子。","ai_draft"
"tutorial.script.bonusTerm","Tutorial glossary term","Bonus tile","花牌","花牌","ai_draft"
"tutorial.script.bonusMeaning","Tutorial glossary definition","A Flower or Season. The game reveals it and draws a replacement for you.","花卉牌或季节牌。游戏会将其亮出，并为你补一张牌。","花卉牌或季節牌。遊戲會將其亮出，並為你補一張牌。","ai_draft"
"tutorial.script.c2s2Instruction","Tutorial c2 step 2 instruction","A normal winning hand is five groups plus one matching pair.","一般胡牌牌型由五组牌和一个对子组成。","一般胡牌牌型由五組牌與一個對子組成。","ai_draft"
"tutorial.script.c2s2Detail","Tutorial c2 step 2 detail","A group is either three consecutive numbers in one suit, three identical tiles, or four identical tiles. A pair is two identical tiles.","一组牌可以是同门连续三张、三张相同牌或四张相同牌。对子是两张相同牌。","一組牌可以是同門連續三張、三張相同牌或四張相同牌。對子是兩張相同牌。","ai_draft"
"tutorial.script.c2s2Key","Tutorial c2 step 2 key point","5 groups + 1 pair = a complete hand","5 组牌 + 1 个对子 = 完整牌型","5 組牌 + 1 個對子 = 完整牌型","ai_draft"
"tutorial.script.chowTerm","Tutorial glossary term","Sequence (Chow)","顺子（吃）","順子（吃）","ai_draft"
"tutorial.script.chowMeaning","Tutorial glossary definition","Three consecutive numbers in one suit, such as 4–5–6 Bamboo.","同一门连续三张数牌，例如四、五、六条。","同一門連續三張數牌，例如四、五、六條。","ai_draft"
"tutorial.script.pongTerm","Tutorial glossary term","Triplet (Pong)","刻子（碰）","刻子（碰）","ai_draft"
"tutorial.script.pongMeaning","Tutorial glossary definition","Three identical tiles, such as three 2 Dots.","三张相同牌，例如三张二筒。","三張相同牌，例如三張二筒。","ai_draft"
"tutorial.script.kongTerm","Tutorial glossary term","Four of a kind (Kong / Gang)","杠子（杠）","槓子（槓）","ai_draft"
"tutorial.script.kongMeaning","Tutorial glossary definition","Four identical tiles. It counts as one group and gives a replacement draw.","四张相同牌。算作一组，并会补摸一张牌。","四張相同牌。算作一組，並會補摸一張牌。","ai_draft"
"tutorial.script.pairTerm","Tutorial glossary term","Pair","对子","對子","ai_draft"
"tutorial.script.pairMeaning","Tutorial glossary definition","Two identical tiles. A normal hand needs exactly one.","两张相同牌。一般胡牌牌型正好需要一个对子。","兩張相同牌。一般胡牌牌型正好需要一個對子。","ai_draft"
"tutorial.script.c2s3Instruction","Tutorial c2 step 3 instruction","This hand needs the 7 of Characters to become complete.","这手牌需要七万才能完成。","這手牌需要七萬才能完成。","ai_draft"
"tutorial.script.c2s3Detail","Tutorial c2 step 3 detail","It already has four finished groups and a pair of East Winds. The 8–9 Characters need the 7 to form the fifth group: 7–8–9.","它已有四组完成牌和一对东风。八万、九万需要七万组成第五组：七、八、九万。","它已有四組完成牌與一對東風。八萬、九萬需要七萬組成第五組：七、八、九萬。","ai_draft"
"tutorial.script.c2s3Key","Tutorial c2 step 3 key point","When only one more tile can complete your hand, you are Ready — also called Ting.","只差一张牌就能胡牌时，你已进入听牌状态。","只差一張牌就能胡牌時，你已進入聽牌狀態。","ai_draft"
"tutorial.script.tingTerm","Tutorial glossary term","Ready (Ting)","听牌","聽牌","ai_draft"
"tutorial.script.tingMeaning","Tutorial glossary definition","Your hand is one tile away from winning.","你的手牌只差一张牌就能胡牌。","你的手牌只差一張牌就能胡牌。","ai_draft"
"tutorial.script.waitTerm","Tutorial glossary term","Winning tile / wait","胡牌张／听张","胡牌張／聽張","ai_draft"
"tutorial.script.waitMeaning","Tutorial glossary definition","A tile that would complete your hand. The Ready panel shows every option.","能让你胡牌的牌。听牌面板会列出所有选项。","能讓你胡牌的牌。聽牌面板會列出所有選項。","ai_draft"
"tutorial.script.c3Title","Tutorial chapter 3 title","Use another player's discard","使用其他玩家打出的牌","使用其他玩家打出的牌","ai_draft"
"tutorial.script.c3Summary","Tutorial chapter 3 summary","Learn what the claim buttons mean and try a Pong and a Chow.","了解鸣牌按钮的含义，并尝试碰牌和吃牌。","了解鳴牌按鈕的含義，並嘗試碰牌與吃牌。","ai_draft"
"tutorial.script.c3s1Instruction","Tutorial c3 step 1 instruction","Sometimes another player's discard can finish one of your groups.","有时，其他玩家打出的牌可以完成你的一组牌。","有時，其他玩家打出的牌可以完成你的一組牌。","ai_draft"
"tutorial.script.c3s1Detail","Tutorial c3 step 1 detail","When that happens, the game shows only the legal claim buttons. You may always Pass and wait for your own draw instead.","出现这种情况时，游戏只会显示合法的鸣牌按钮。你始终可以选择“过”，等待自己摸牌。","出現這種情況時，遊戲只會顯示合法的鳴牌按鈕。你始終可以選擇「過」，等待自己摸牌。","ai_draft"
"tutorial.script.chowOnlyTerm","Tutorial glossary term","Chow","吃","吃","ai_draft"
"tutorial.script.chowOnlyMeaning","Tutorial glossary definition","Take the previous player's discard to finish a three-number sequence.","取得上家打出的牌，完成三张连续数牌的顺子。","取得上家打出的牌，完成三張連續數牌的順子。","ai_draft"
"tutorial.script.pongOnlyTerm","Tutorial glossary term","Pong","碰","碰","ai_draft"
"tutorial.script.pongOnlyMeaning","Tutorial glossary definition","Take any player's discard to finish three identical tiles.","取得任一玩家打出的牌，完成三张相同牌。","取得任一玩家打出的牌，完成三張相同牌。","ai_draft"
"tutorial.script.kongOnlyTerm","Tutorial glossary term","Kong / Gang","杠","槓","ai_draft"
"tutorial.script.kongOnlyMeaning","Tutorial glossary definition","Complete four identical tiles, then receive a replacement draw.","组成四张相同牌，然后补摸一张牌。","組成四張相同牌，然後補摸一張牌。","ai_draft"
"tutorial.script.passTerm","Tutorial glossary term","Pass","过","過","ai_draft"
"tutorial.script.passMeaning","Tutorial glossary definition","Do not take the discard. Passing an unwanted group claim is safe.","不取得这张弃牌。放弃不需要的鸣牌不会有风险。","不取得這張棄牌。放棄不需要的鳴牌不會有風險。","ai_draft"
"tutorial.script.c3s2Instruction","Tutorial c3 step 2 instruction","West discarded a 2 of Dots. Use Pong to take it.","西家打出二筒。用“碰”取得它。","西家打出二筒。用「碰」取得它。","ai_draft"
"tutorial.script.c3s2Detail","Tutorial c3 step 2 detail","You already hold two matching 2 Dots. Pong combines them with the discard to expose a group of three identical tiles.","你已有两张二筒。碰牌会将它们与弃牌组合，亮出三张相同牌。","你已有兩張二筒。碰牌會將它們與棄牌組合，亮出三張相同牌。","ai_draft"
"tutorial.script.c3s2Hint","Tutorial c3 step 2 hint","Choose Pong in the action bar below the table.","在牌桌下方的操作栏中选择“碰”。","在牌桌下方的操作列中選擇「碰」。","ai_draft"
"tutorial.script.c3s2Confirm","Tutorial c3 step 2 confirmation","Pong made a visible group of three. After any Chow or Pong, you discard one tile.","碰牌组成了一组亮出的刻子。吃或碰之后，需要打一张牌。","碰牌組成了一組亮出的刻子。吃或碰之後，需要打一張牌。","ai_draft"
"tutorial.script.c3s3Instruction","Tutorial c3 step 3 instruction","East discarded a 3 of Characters. Use Chow to make 1–2–3.","东家打出三万。用“吃”组成一、二、三万。","東家打出三萬。用「吃」組成一、二、三萬。","ai_draft"
"tutorial.script.c3s3Detail","Tutorial c3 step 3 detail","Chow makes a number sequence, so it works only in one suit and only on the discard from the player immediately before you in turn order.","吃牌组成数字顺子，因此只能使用同一门牌，并且只能吃上家打出的牌。","吃牌組成數字順子，因此只能使用同一門牌，並且只能吃上家打出的牌。","ai_draft"
"tutorial.script.c3s3Hint","Tutorial c3 step 3 hint","Choose the Chow option that previews 1–2–3 Characters.","选择预览一、二、三万的吃牌选项。","選擇預覽一、二、三萬的吃牌選項。","ai_draft"
"tutorial.script.c3s3Confirm","Tutorial c3 step 3 confirmation","Chow made a visible sequence. Win claims beat Pong or Kong claims, which beat Chow claims.","吃牌组成了亮出的顺子。胡牌优先于碰或杠，碰或杠又优先于吃。","吃牌組成了亮出的順子。胡牌優先於碰或槓，碰或槓又優先於吃。","ai_draft"
"tutorial.script.c4Title","Tutorial chapter 4 title","Count Tai and win","计算台数并胡牌","計算台數並胡牌","ai_draft"
"tutorial.script.c4Summary","Tutorial chapter 4 summary","Add a small Tai example, then claim the tile that completes the hand.","计算一个简单的台数示例，然后取得能完成手牌的牌。","計算一個簡單的台數範例，然後取得能完成手牌的牌。","ai_draft"
"tutorial.script.c4s1Instruction","Tutorial c4 step 1 instruction","The Ready panel shows which tiles can complete your hand.","听牌面板会显示哪些牌能让你胡牌。","聽牌面板會顯示哪些牌能讓你胡牌。","ai_draft"
"tutorial.script.c4s1Detail","Tutorial c4 step 1 detail","Here it shows the 7 of Characters. “4 left” means none of its four copies are visible on the table yet; some may still be hidden in other hands.","这里显示七万。“还剩 4 张”表示四张七万都尚未在桌面上出现；其中一些可能仍藏在其他玩家手中。","這裡顯示七萬。「還剩 4 張」表示四張七萬都尚未在桌面上出現；其中一些可能仍藏在其他玩家手中。","ai_draft"
"tutorial.script.c4s1Key","Tutorial c4 step 1 key point","You do not have to work out every possible winning tile yourself — the Ready panel checks the legal shape.","你不必自己算出所有可能的胡牌张；听牌面板会检查合法牌型。","你不必自己算出所有可能的胡牌張；聽牌面板會檢查合法牌型。","ai_draft"
"tutorial.script.c4s2Instruction","Tutorial c4 step 2 instruction","Tai is the score for a winning hand. Add the awarded lines.","台是胡牌的分数单位。将各项所得台数相加。","台是胡牌的分數單位。將各項所得台數相加。","ai_draft"
"tutorial.script.c4s2Detail","Tutorial c4 step 2 detail","Every legal hand receives 1 Base Win Tai, so there is no separate minimum-Tai gate. Extra patterns add more, and the game lists them for you.","每次合法胡牌都有 1 台基本胡，因此没有另设最低台数门槛。其他牌型会增加台数，游戏会逐项列出。","每次合法胡牌都有 1 台基本胡，因此沒有另設最低台數門檻。其他牌型會增加台數，遊戲會逐項列出。","ai_draft"
"tutorial.script.c4s2Key","Tutorial c4 step 2 key point","Tai measures the winning patterns. It is not the number of tiles.","台用来衡量胡牌牌型，不是牌的张数。","台用來衡量胡牌牌型，不是牌的張數。","ai_draft"
"tutorial.script.taiTerm","Tutorial glossary term","Tai","台","台","ai_draft"
"tutorial.script.taiMeaning","Tutorial glossary definition","Points awarded for a legal win and its scoring patterns.","合法胡牌及其计分牌型所获得的分数。","合法胡牌及其計分牌型所獲得的分數。","ai_draft"
"tutorial.script.concealedTerm","Tutorial glossary term","Concealed","门清","門清","ai_draft"
"tutorial.script.concealedMeaning","Tutorial glossary definition","You did not open your hand with Chow, Pong, or an exposed Kong.","你没有通过吃、碰或明杠将手牌打开。","你沒有透過吃、碰或明槓將手牌打開。","ai_draft"
"tutorial.script.singleWaitTerm","Tutorial glossary term","Single Wait","独听","獨聽","ai_draft"
"tutorial.script.singleWaitMeaning","Tutorial glossary definition","Only one tile identity can complete the hand.","只有一种牌能完成手牌。","只有一種牌能完成手牌。","ai_draft"
"tutorial.script.twoTai","Tutorial Tai answer","2 Tai","2 台","2 台","ai_draft"
"tutorial.script.threeTai","Tutorial Tai answer","3 Tai","3 台","3 台","ai_draft"
"tutorial.script.fiveTai","Tutorial Tai answer","5 Tai","5 台","5 台","ai_draft"
"tutorial.script.c4s2Hint","Tutorial c4 step 2 hint","Add the three lines: 1 + 1 + 1.","将三项相加：1 + 1 + 1。","將三項相加：1 + 1 + 1。","ai_draft"
"tutorial.script.c4s2Confirm","Tutorial c4 step 2 confirmation","Correct: 1 Base Win + 1 Concealed + 1 Single Wait = 3 Tai.","正确：基本胡 1 台 + 门清 1 台 + 独听 1 台 = 3 台。","正確：基本胡 1 台 + 門清 1 台 + 獨聽 1 台 = 3 台。","ai_draft"
"tutorial.script.c4s3Instruction","Tutorial c4 step 3 instruction","North discarded your 7 of Characters. Choose Win.","北家打出了你需要的七万。选择“胡牌”。","北家打出了你需要的七萬。選擇「胡牌」。","ai_draft"
"tutorial.script.c4s3Detail","Tutorial c4 step 3 detail","The Win button appears only because this tile legally completes five groups plus one pair. If you draw the winning tile yourself, the button says Self-Draw (Zimo).","只有当这张牌合法完成五组牌加一个对子时，才会出现“胡牌”按钮。如果是自己摸到胡牌张，按钮会显示“自摸”。","只有當這張牌合法完成五組牌加一個對子時，才會出現「胡牌」按鈕。如果是自己摸到胡牌張，按鈕會顯示「自摸」。","ai_draft"
"tutorial.script.huTerm","Tutorial glossary term","Win (Hu)","胡牌","胡牌","ai_draft"
"tutorial.script.huMeaning","Tutorial glossary definition","Claim another player's discard to complete your hand.","取得其他玩家打出的牌，完成手牌。","取得其他玩家打出的牌，完成手牌。","ai_draft"
"tutorial.script.zimoTerm","Tutorial glossary term","Self-Draw (Zimo)","自摸","自摸","ai_draft"
"tutorial.script.zimoMeaning","Tutorial glossary definition","Draw the tile that completes your own hand.","自己摸到完成手牌的牌。","自己摸到完成手牌的牌。","ai_draft"
"tutorial.script.c4s3Hint","Tutorial c4 step 3 hint","Choose the Win button showing 3 Tai in the action bar.","选择操作栏中显示 3 台的“胡牌”按钮。","選擇操作列中顯示 3 台的「胡牌」按鈕。","ai_draft"
"tutorial.script.c4s3Confirm","Tutorial c4 step 3 confirmation","You won: five groups plus one pair, worth 3 Tai in this example.","你胡牌了：五组牌加一个对子，本例共 3 台。","你胡牌了：五組牌加一個對子，本例共 3 台。","ai_draft"
"loading.joiningLabel","Accessible match-loading screen label","Players joining the table","玩家正在加入牌桌","玩家正在加開牌桌","ai_draft"
"loading.ready","Match-loading category","Players ready","玩家已就绪","玩家已就緒","ai_draft"
"loading.entering","Match-loading title","Entering the Mahjong table","正在进入麻将牌桌","正在進入麻將牌桌","ai_draft"
"loading.profiles","Accessible player profile grid label","Player profiles","玩家资料","玩家資料","ai_draft"
"loading.player","Anonymous player name","Player","玩家","玩家","ai_draft"
"loading.seat","Wind seat label","{wind} seat","{wind}家","{wind}家","ai_draft"
"loading.wind","Accessible wind label","{wind} wind","{wind}风","{wind}風","ai_draft"
"loading.settingTable","Match-loading progress","Setting the table…","正在摆牌…","正在擺牌…","ai_draft"
"game.windEast","Seat wind","East","东","東","ai_draft"
"game.windSouth","Seat wind","South","南","南","ai_draft"
"game.windWest","Seat wind","West","西","西","ai_draft"
"game.windNorth","Seat wind","North","北","北","ai_draft"
"game.actionPass","Mahjong action","Pass","过","過","ai_draft"
"game.actionChow","Mahjong action","Chow","吃","吃","ai_draft"
"game.actionPong","Mahjong action","Pong","碰","碰","ai_draft"
"game.actionGang","Mahjong action","Gang","杠","槓","ai_draft"
"game.actionWin","Mahjong action","Win","胡牌","胡牌","ai_draft"
"game.actionSelfDraw","Mahjong action","Self-Draw","自摸","自摸","ai_draft"
"game.sortSuitRank","Hand sorting mode","Suit·Rank","花色·点数","花色·點數","ai_draft"
"game.sortSets","Hand sorting mode","Sets","组合","組合","ai_draft"
"game.sortOff","Hand sorting mode","Off","关闭","關閉","ai_draft"
"table.claimed","Discard placeholder after a claim","claimed","已鸣牌","已鳴牌","ai_draft"
"table.aiSeat","AI seat tooltip","AI-controlled seat","电脑控制的座位","電腦控制的座位","ai_draft"
"table.bot","AI player badge","Bot","电脑","電腦","ai_draft"
"table.autoPlayingTitle","Disconnected takeover tooltip","Auto-playing (disconnected)","自动代打（已断线）","自動代打（已斷線）","ai_draft"
"table.autoPlaying","Disconnected takeover badge","Auto-playing","自动代打","自動代打","ai_draft"
"table.waitsLabel","Accessible Ting waits label","Ting waits","听牌等待张","聽牌等待張","ai_draft"
"table.ready","Ting panel label","Ting · Ready","听牌","聽牌","ai_draft"
"table.winningTiles","Accessible winning-tile list label","Winning tiles","胡牌张","胡牌張","ai_draft"
"table.copiesHidden","Winning tile visible count","{count} copies not visible","有 {count} 张尚未明示","有 {count} 張尚未明示","ai_draft"
"table.allVisible","Winning tile exhausted state","All visible","全部可见","全部可見","ai_draft"
"table.allCopiesVisible","Accessible winning tile exhausted state","all four copies visible","四张全部可见","四張全部可見","ai_draft"
"table.left","Remaining tile count","{count} left","还剩 {count} 张","還剩 {count} 張","ai_draft"
"table.leftCaption","Wall tile count caption","left","剩余","剩餘","ai_draft"
"table.playerStatus","Accessible player status label","Player status","玩家状态","玩家狀態","ai_draft"
"table.dealer","Dealer badge tooltip","Dealer","庄家","莊家","ai_draft"
"table.activePlayer","Active-player tooltip","Active player","当前行动玩家","目前行動玩家","ai_draft"
"table.waiting","Waiting for claim responses badge","waiting","等待中","等待中","ai_draft"
"table.waitingResponses","Waiting for claim responses tooltip","Waiting for responses","等待其他玩家回应","等待其他玩家回應","ai_draft"
"table.exposedMelds","Accessible exposed melds label","Exposed melds","明牌组合","明牌組合","ai_draft"
"table.tableStatus","Accessible central table status label","Table status","牌桌状态","牌桌狀態","ai_draft"
"table.secondsElapsed","Accessible untimed elapsed time","{seconds} seconds elapsed","已用时 {seconds} 秒","已用時 {seconds} 秒","ai_draft"
"table.elapsed","Untimed clock caption","elapsed","已用时","已用時","ai_draft"
"table.secondsRemaining","Accessible turn timer","{seconds} seconds remaining","还剩 {seconds} 秒","還剩 {seconds} 秒","ai_draft"
"table.oneSecond","Urgent turn timer announcement","1 second remaining","还剩 1 秒","還剩 1 秒","ai_draft"
"table.threeSeconds","Turn timer warning announcement","3 seconds remaining","还剩 3 秒","還剩 3 秒","ai_draft"
"table.wallCriticalAnnouncement","Wall critically low announcement","{count} tiles left. Wall critically low.","牌墙还剩 {count} 张，已严重不足。","牌牆還剩 {count} 張，已嚴重不足。","ai_draft"
"table.wallLowAnnouncement","Wall running low announcement","{count} tiles left. Wall running low.","牌墙还剩 {count} 张，即将不足。","牌牆還剩 {count} 張，即將不足。","ai_draft"
"table.wallRemaining","Accessible wall remaining count","{count} drawable tiles remaining{warning}","牌墙还可摸 {count} 张{warning}","牌牆還可摸 {count} 張{warning}","ai_draft"
"table.wallCritical","Wall remaining warning suffix",", wall critically low","，牌墙严重不足","，牌牆嚴重不足","ai_draft"
"table.wallLow","Wall remaining warning suffix",", wall running low","，牌墙即将不足","，牌牆即將不足","ai_draft"
"table.round","Prevailing wind round","Round {wind}","{wind}圈","{wind}圈","ai_draft"
"table.dealerRepeat","Accessible dealer continuation count","Dealer repeat {count}","连庄 {count} 次","連莊 {count} 次","ai_draft"
"table.yourTurn","Current player turn status","Your turn","轮到你","輪到你","ai_draft"
"table.playerTurn","Opponent turn status","{player}'s turn · {wind}","{player} 的回合 · {wind}","{player} 的回合 · {wind}","ai_draft"
"table.discarding","Discard request progress","Discarding…","正在打牌…","正在打牌…","ai_draft"
"table.selectAgain","Selected tile discard instruction","{tile} · select again to discard","{tile} · 再选一次即可打出","{tile} · 再選一次即可打出","ai_draft"
"table.selectDiscard","Discard instruction","Select a tile to discard","选择一张牌打出","選擇一張牌打出","ai_draft"
"table.firstDiscard","Waiting for first discard","Waiting for the first discard","等待第一张弃牌","等待第一張棄牌","ai_draft"
"table.chooseClaim","Claim response prompt","Choose a claim or pass","选择鸣牌或过","選擇鳴牌或過","ai_draft"
"table.noClaim","Automatic pass status","No claim · passing","无可鸣牌 · 正在过","無可鳴牌 · 正在過","ai_draft"
"table.chooseWinGang","Self-turn action prompt","Choose Win/Gang or select a tile to discard","选择胡牌／杠，或选择一张牌打出","選擇胡牌／槓，或選擇一張牌打出","ai_draft"
"table.selectDiscardTurn","Current player discard prompt","Your turn · select a tile to discard","轮到你 · 选择一张牌打出","輪到你 · 選擇一張牌打出","ai_draft"
"table.lastPlayed","Latest discard status","Last tile played","刚打出的牌","剛打出的牌","ai_draft"
"table.tileInPlay","Current claimable tile label","Tile in play","待响应的牌","待回應的牌","ai_draft"
"table.latestDiscard","Latest discard label","Latest discard","最新弃牌","最新棄牌","ai_draft"
"table.from","Discard source prefix","from {source}","来自 {source}","來自 {source}","ai_draft"
"table.centralDashboard","Accessible central dashboard label","Central table dashboard","牌桌中央信息面板","牌桌中央資訊面板","ai_draft"
"table.yourSeat","Accessible local seat label","Your seat","你的座位","你的座位","ai_draft"
"table.thinking","Claim decision status","thinking","思考中","思考中","ai_draft"
"table.chooseResponse","Claim decision tooltip","Choose a response","选择回应","選擇回應","ai_draft"
"table.controls","Accessible game controls label","Game controls","游戏控制","遊戲控制","ai_draft"
"table.sort","Hand sort control","Sort: {mode}","排序：{mode}","排序：{mode}","ai_draft"
"table.yourMelds","Accessible local exposed melds label","Your exposed melds","你的明牌组合","你的明牌組合","ai_draft"
"table.yourHand","Accessible local hand label","Your hand","你的手牌","你的手牌","ai_draft"
"table.legalActions","Accessible legal actions label","Legal actions","合法操作","合法操作","ai_draft"
"table.confirmGang","Confirm consequential Gang action","Confirm Gang","确认杠牌","確認槓牌","ai_draft"
"table.confirmGangLabel","Accessible consequential Gang confirmation","Confirm Gang. This changes your hand and cannot be undone.","确认杠牌。此操作会改变手牌且无法撤销。","確認槓牌。此操作會改變手牌且無法復原。","ai_draft"
"table.gangWarning","Consequential Gang explanation","Gang changes your hand and cannot be undone. Activate Confirm Gang to continue, or choose another action.","杠牌会改变手牌且无法撤销。选择“确认杠牌”继续，或选择其他操作。","槓牌會改變手牌且無法復原。選擇「確認槓牌」繼續，或選擇其他操作。","ai_draft"
"table.selfTurnActions","Accessible self-turn action bar label","Self-turn actions","自家回合操作","自家回合操作","ai_draft"
"table.respondTile","Accessible claim action bar label","Respond to the tile in play","回应待处理的牌","回應待處理的牌","ai_draft"
"table.drawing","Draw request progress","Drawing your tile…","正在摸牌…","正在摸牌…","ai_draft"
"table.practiceFirstStep","Tutorial draw prompt","Practice the first step of your turn","练习回合的第一步","練習回合的第一步","ai_draft"
"table.autoDraw","Automatic draw status","Your tile will draw automatically","将自动为你摸牌","將自動為你摸牌","ai_draft"
"table.drawNow","Manual draw action","Draw now","立即摸牌","立即摸牌","ai_draft"
"table.yourFlowers","Accessible local exposed bonus tiles","Your exposed Flowers and Seasons","你明示的花牌和季节牌","你明示的花牌和季節牌","ai_draft"
"table.opponentFlowers","Accessible opponent exposed bonus tiles","Opponent exposed Flowers and Seasons","对手明示的花牌和季节牌","對手明示的花牌和季節牌","ai_draft"
"table.yourFlowerBonus","Matching Flower bonus tooltip","{tile} — your Flower, +1 Tai","{tile}——你的花牌，+1 台","{tile}——你的花牌，+1 台","ai_draft"
"table.discards","Accessible discard list label","Discards","弃牌","棄牌","ai_draft"
"table.yourDiscardRiver","Accessible local discard river","Your discard river","你的牌河","你的牌河","ai_draft"
"table.opponentDiscardRiver","Accessible opponent discard river","{player} · {wind} discard river","{player} · {wind}家的牌河","{player} · {wind}家的牌河","ai_draft"
"table.winningDiscard","Accessible winning discard label","Winning discard: {tile}, from {source}","胡牌弃牌：{tile}，来自 {source}","胡牌棄牌：{tile}，來自 {source}","ai_draft"
"table.selfDrawWinningTile","Accessible self-drawn winning tile label","Self-drawn winning tile: {tile}","自摸胡牌张：{tile}","自摸胡牌張：{tile}","ai_draft"
"table.yourWinningHand","Accessible local revealed winning hand","Your winning hand","你的获胜手牌","你的獲勝手牌","ai_draft"
"table.opponentWinningHand","Accessible opponent revealed winning hand","{wind} winning hand","{wind}家的获胜手牌","{wind}家的獲勝手牌","ai_draft"
"table.handSortControl","Accessible hand sort toggle","Hand sort: {mode}. Activate to change.","手牌排序：{mode}。启用以更改。","手牌排序：{mode}。啟用以變更。","ai_draft"
"table.fxState","Accessible table effects toggle","Table sounds and haptics {state}","牌桌音效和触觉反馈：{state}","牌桌音效和觸覺回饋：{state}","ai_draft"
"table.on","Enabled toggle state","on","开启","開啟","ai_draft"
"table.off","Disabled toggle state","off","关闭","關閉","ai_draft"
"table.fxVisible","Visible table effects toggle label","FX {state}","效果{state}","效果{state}","ai_draft"
"table.selectedDiscard","Selected tile discard instruction","{tile} selected. Select again to discard.","已选择 {tile}。再次选择即可打出。","已選擇 {tile}。再次選擇即可打出。","ai_draft"
"table.selected","Selected tile state","{tile} selected.","已选择 {tile}。","已選擇 {tile}。","ai_draft"
"table.inspectDiscard","Tile inspection and discard instruction","Inspect {tile}. Activate twice to discard.","查看 {tile}。启用两次即可打出。","查看 {tile}。啟用兩次即可打出。","ai_draft"
"table.inspect","Tile inspection instruction","Inspect {tile}.","查看 {tile}。","查看 {tile}。","ai_draft"
"table.newlyDrawn","Newly drawn tile accessible suffix"," Newly drawn."," 刚摸到。"," 剛摸到。","ai_draft"
"progression.label","Progression screen category","Progression","成长进度","成長進度","ai_draft"
"progression.level","Progression screen level heading","Level {level}","等级 {level}","等級 {level}","ai_draft"
"progression.xpEarned","Lifetime experience total","{xp} XP earned","已获得 {xp} 经验值","已獲得 {xp} 經驗值","ai_draft"
"progression.maximumLevel","Maximum progression level suffix","maximum level","最高等级","最高等級","ai_draft"
"progression.toNextLevel","Experience required for next level","{current} / {needed} to level {level}","升级到等级 {level}：{current} / {needed}","升級到等級 {level}：{current} / {needed}","ai_draft"
"progression.back","Close progression screen","Back","返回","返回","ai_draft"
"progression.note","Progression fairness explanation","Levels and achievements advance only through Online Play. Solo Practice is progression-neutral. XP never changes matchmaking or table access.","等级和成就只会通过在线对局推进。单人练习不会影响成长进度。经验值绝不会改变匹配或牌桌进入权限。","等級和成就只會透過線上對局推進。單人練習不會影響成長進度。經驗值絕不會改變配對或牌桌進入權限。","ai_draft"
"progression.goalsRewards","Achievement entry eyebrow","Goals and rewards","目标与奖励","目標與獎勵","ai_draft"
"progression.achievements","Achievements screen title","Achievements","成就","成就","ai_draft"
"progression.viewAll","Open achievement catalog action","View all 32","查看全部 32 项","查看全部 32 項","ai_draft"
"progression.levelProgress","Accessible progression bar label","Level {level} progress","等级 {level} 进度","等級 {level} 進度","ai_draft"
"progression.tutorialCompleted","Completed tutorial progression state","Tutorial: Completed","教程：已完成","教學：已完成","ai_draft"
"progression.tutorialSkipped","Skipped tutorial progression state","Tutorial: Skipped — replay it any time","教程：已跳过——可随时重玩","教學：已跳過——可隨時重玩","ai_draft"
"progression.earnedRewards","Earned cosmetic rewards heading","Earned rewards","已获得的奖励","已獲得的獎勵","ai_draft"
"progression.firstReward","Empty earned rewards message","Your first cosmetic reward arrives at level 2.","你的首个外观奖励将在等级 2 解锁。","你的首個外觀獎勵將在等級 2 解鎖。","ai_draft"
"progression.kindTitle","Progression reward kind","Title","称号","稱號","ai_draft"
"progression.kindTableTheme","Progression reward kind","Table theme","牌桌主题","牌桌主題","ai_draft"
"progression.kindTileSkin","Progression reward kind","Tile skin","麻将牌外观","麻將牌外觀","ai_draft"
"progression.kindAvatarFrame","Progression reward kind","Avatar frame","头像框","頭像框","ai_draft"
"progression.rewardLevel","Reward type and earned level","{kind} · Level {level}","{kind} · 等级 {level}","{kind} · 等級 {level}","ai_draft"
"progression.levelCurve","Progression curve heading","Level curve","等级曲线","等級曲線","ai_draft"
"progression.lifetimeRequired","Progression curve XP column","Lifetime XP required","所需累计经验值","所需累計經驗值","ai_draft"
"progression.curveUnavailable","Missing progression curve message","The reward curve is unavailable right now.","奖励曲线目前不可用。","獎勵曲線目前無法使用。","ai_draft"
"progression.current","Current progression level state","Current","当前","目前","ai_draft"
"progression.reached","Reached progression level state","Reached","已达到","已達到","ai_draft"
"progression.locked","Locked progression level state","Locked","未解锁","未解鎖","ai_draft"
"progression.accessibility","Accessibility content progression note","High Contrast tiles are accessibility content, not a reward — they are available from level 1.","高对比度麻将牌属于无障碍内容，并非奖励——从等级 1 起即可使用。","高對比度麻將牌屬於無障礙內容，並非獎勵——從等級 1 起即可使用。","ai_draft"
"achievement.unlocked","Unlocked achievement status","Unlocked","已解锁","已解鎖","ai_draft"
"achievement.processing","Achievement unlock processing status","Unlock processing","正在处理解锁","正在處理解鎖","ai_draft"
"achievement.inProgress","Achievement progress status","In progress","进行中","進行中","ai_draft"
"achievement.progressLabel","Accessible achievement progress label","{name} progress","{name} 进度","{name} 進度","ai_draft"
"achievement.bonus","Achievement bonus reward","Bonus: {reward}","额外奖励：{reward}","額外獎勵：{reward}","ai_draft"
"achievement.unavailable","Unavailable achievement status","Unavailable","不可用","無法使用","ai_draft"
"achievement.goal","Unavailable achievement goal","Goal: {goal}","目标：{goal}","目標：{goal}","ai_draft"
"achievement.defaultUnavailable","Fallback unavailable-achievement explanation","This achievement is not available yet.","此成就尚未开放。","此成就尚未開放。","ai_draft"
"achievement.description","Achievement catalog explanation","Public-table goals, tracked by your account.","公开牌桌目标，由你的账号记录。","公開牌桌目標，由你的帳號記錄。","ai_draft"
"achievement.back","Return from achievements to progression","Back to Progress","返回成长进度","返回成長進度","ai_draft"
"achievement.summaryLabel","Accessible achievement summary label","Achievement summary","成就摘要","成就摘要","ai_draft"
"achievement.available","Available achievement count label","Available","可用","可用","ai_draft"
"achievement.launchGoals","Total launch achievement count label","Launch goals","首发目标","首發目標","ai_draft"
"achievement.note","Achievement eligibility explanation","Only completed Online Play hands advance levels and achievements. Solo Practice does not.","只有完成在线对局才会推进等级和成就；单人练习不会。","只有完成線上對局才會推進等級和成就；單人練習不會。","ai_draft"
"achievement.alphaRecognition","Persistent Alpha achievement category","Persistent Alpha recognition","永久 Alpha 纪念","永久 Alpha 紀念","ai_draft"
"achievement.alphaMilestones","Alpha achievement section heading","Alpha milestones","Alpha 里程碑","Alpha 里程碑","ai_draft"
"achievement.alphaRetention","Persistent Alpha reward explanation","Alpha Player and Max Alpha Player rewards remain on your account after Alpha.","Alpha 玩家和最高 Alpha 玩家奖励会在 Alpha 阶段结束后继续保留在你的账号中。","Alpha 玩家和最高 Alpha 玩家獎勵會在 Alpha 階段結束後繼續保留在你的帳號中。","ai_draft"
"achievement.milestonesCount","Alpha milestone count","{count} milestones","{count} 个里程碑","{count} 個里程碑","ai_draft"
"achievement.resetNote","Alpha seasonal progression reset notice","Alpha statistics, levels, and all other achievement progress are seasonal test progression. They reset at each major release—Beta and Launch. A persistent progression loop will be introduced in a future iteration.","Alpha 统计、等级和所有其他成就进度均为赛季测试进度。它们会在每次重大版本——Beta 和正式发布——时重置。永久成长循环将在未来版本中推出。","Alpha 統計、等級和所有其他成就進度均為賽季測試進度。它們會在每次重大版本——Beta 和正式發佈——時重設。永久成長循環將在未來版本中推出。","ai_draft"
"achievement.filterLabel","Accessible achievement filter group label","Filter achievements","筛选成就","篩選成就","ai_draft"
"achievement.filterAll","Show all achievements filter","All","全部","全部","ai_draft"
"achievement.inProgressTitle","In-progress achievement filter","In Progress","进行中","進行中","ai_draft"
"achievement.lockedTitle","Locked achievement filter","Locked","未解锁","未解鎖","ai_draft"
"achievement.noFilterMatches","Empty filtered achievement list","No achievements match this filter.","没有符合此筛选条件的成就。","沒有符合此篩選條件的成就。","ai_draft"
"achievement.availableNow","Available achievements heading","Available now","现已开放","現已開放","ai_draft"
"achievement.goalsCount","Achievement goal count","{count} goals","{count} 个目标","{count} 個目標","ai_draft"
"achievement.progressUnavailable","Missing achievement progress message","Achievement progress is unavailable right now.","成就进度目前不可用。","成就進度目前無法使用。","ai_draft"
"achievement.comingLater","Future achievements heading","Coming later","即将推出","即將推出","ai_draft"
"achievement.fullSetNote","Future achievement visibility explanation","Visible now so the full launch set stays clear.","现在提前显示，以便清楚了解完整的首发成就。","現在提前顯示，以便清楚了解完整的首發成就。","ai_draft"
"achievement.retry","Retry achievement loading","Retry achievements","重试加载成就","重試載入成就","ai_draft"
"achievement.loading","Achievement loading status","Loading your achievements…","正在加载你的成就…","正在載入你的成就…","ai_draft"
"statistics.label","Statistics loading screen category","Statistics","统计","統計","ai_draft"
"statistics.playerRecord","Match history category","Player record","玩家记录","玩家紀錄","ai_draft"
"statistics.title","Match history screen title","Match History","对局记录","對局紀錄","ai_draft"
"statistics.quickPlay","Statistics loading screen title","Quick Play","快速开始","快速開始","ai_draft"
"statistics.loading","Statistics loading status","Loading your statistics…","正在加载你的统计数据…","正在載入你的統計資料…","ai_draft"
"statistics.empty","Empty match history message","No completed session records are available yet.","目前还没有已完成的对局记录。","目前還沒有已完成的對局紀錄。","ai_draft"
"statistics.resultDraw","Match history result label","Draw","流局","流局","ai_draft"
"statistics.resultWin","Match history result label","Win","获胜","獲勝","ai_draft"
"statistics.resultLoss","Match history result label","Loss","落败","落敗","ai_draft"
"statistics.resultNeutral","Match history uninvolved result label","Neutral","无胜负","無勝負","ai_draft"
"statistics.draw","Match history draw detail","Round ended in a draw","本局以流局结束","本局以流局結束","ai_draft"
"statistics.neutral","Match history uninvolved discard-win detail","Another player won from someone else's discard","另一名玩家利用他人的弃牌胡牌","另一名玩家利用他人的棄牌胡牌","ai_draft"
"statistics.win","Generic match history win","Win","获胜","獲勝","ai_draft"
"statistics.zimoWin","Match history self-draw win","Zimo","自摸","自摸","ai_draft"
"statistics.huWin","Match history discard win","Hu","胡牌","胡牌","ai_draft"
"statistics.winTai","Match history win with score","{kind} · {tai} Tai","{kind} · {tai} 台","{kind} · {tai} 台","ai_draft"
"statistics.opponentZimo","Match history self-draw loss","Opponent won by Zimo","对手自摸获胜","對手自摸獲勝","ai_draft"
"statistics.opponentWon","Generic match history loss","Opponent won","对手获胜","對手獲勝","ai_draft"
"statistics.completed","Match history missing-time fallback","Completed","已完成","已完成","ai_draft"
"store.comingSoon","Store placeholder title","Coming soon","即将推出","即將推出","ai_draft"
"store.placeholder","Store placeholder description","Cosmetics and Tael purchases will be added later.","外观物品与两的购买功能将在之后加入。","外觀物品與兩的購買功能將在之後加入。","ai_draft"
"game.fullscreenHelp","iPhone fullscreen fallback guidance","For full screen on iPhone: Share → Add to Home Screen","在 iPhone 上进入全屏：共享 → 添加到主屏幕","在 iPhone 上進入全螢幕：分享 → 加入主畫面","ai_draft"
"game.enterFullscreen","Accessible fullscreen action","Enter full screen","进入全屏","進入全螢幕","ai_draft"
"game.fullscreen","Fullscreen action","Full screen","全屏","全螢幕","ai_draft"
"game.controlRestored","Player control restoration notice","Control restored — it's you again.","操作权已恢复——现在由你继续。","操作權已恢復——現在由你繼續。","ai_draft"
"game.leaveMatch","Leave active match action","Leave match","离开对局","離開對局","ai_draft"
"game.player","Generic video-seat player label","Player","玩家","玩家","ai_draft"
"game.resuming","Match resume preparation status","Resuming your match…","正在恢复你的对局…","正在恢復你的對局…","ai_draft"
"game.preparingPracticeAgain","Practice replay preparation status","Preparing another Practice hand…","正在准备另一局练习…","正在準備另一局練習…","ai_draft"
"game.preparingPractice","Practice match preparation status","Preparing your Practice hand…","正在准备你的练习对局…","正在準備你的練習對局…","ai_draft"
"game.reconnectingAttempt","Match runtime reconnect progress","Reconnecting… (attempt {attempt}/{maximum})","正在重新连接…（第 {attempt}/{maximum} 次）","正在重新連線…（第 {attempt}/{maximum} 次）","ai_draft"
"game.joiningTable","Match table join status","Joining the table…","正在加入牌桌…","正在加入牌桌…","ai_draft"
"game.reconnectingStalled","Stalled table state explanation","Reconnecting to the table… showing the last state we received.","正在重新连接牌桌…当前显示最后收到的状态。","正在重新連線牌桌…目前顯示最後收到的狀態。","ai_draft"
"game.retryPractice","Retry Practice connection action","Retry Practice","重试练习","重試練習","ai_draft"
"game.reconnect","Reconnect match action","Reconnect","重新连接","重新連線","ai_draft"
"progression.retry","Retry progression loading","Retry progress","重试加载进度","重試載入進度","ai_draft"
"common.dismiss","Dismiss message action","Dismiss","关闭","關閉","ai_draft"
"auth.signInFailed","Fatal sign-in error heading","Sign-in failed","登录失败","登入失敗","ai_draft"
"lobby.connectionFailed","Fatal lobby connection error heading","Lobby connection failed","大厅连接失败","大廳連線失敗","ai_draft"
"video.title","Video chat action and accessible region name","Video chat","视频聊天","視訊聊天","ai_draft"
"video.connecting","Video peer connection status","Connecting…","正在连接…","連線中…","ai_draft"
"video.startingCamera","Local camera startup status","Starting camera…","正在启动摄像头…","正在啟動攝影機…","ai_draft"
"video.ringing","Remote video call ringing state","Ringing…","正在呼叫…","正在呼叫…","ai_draft"
"video.muteMicrophone","Mute microphone action","Mute microphone","关闭麦克风","關閉麥克風","ai_draft"
"video.unmuteMicrophone","Unmute microphone action","Unmute microphone","开启麦克风","開啟麥克風","ai_draft"
"video.mute","Short mute tooltip","Mute","静音","靜音","ai_draft"
"video.unmute","Short unmute tooltip","Unmute","取消静音","取消靜音","ai_draft"
"video.cameraOff","Turn camera off action","Turn camera off","关闭摄像头","關閉攝影機","ai_draft"
"video.cameraOn","Turn camera on action","Turn camera on","开启摄像头","開啟攝影機","ai_draft"
"video.cameraOffShort","Short camera-off tooltip","Camera off","关闭摄像头","關閉攝影機","ai_draft"
"video.cameraOnShort","Short camera-on tooltip","Camera on","开启摄像头","開啟攝影機","ai_draft"
"video.leave","Leave video chat action","Leave video chat","离开视频聊天","離開視訊聊天","ai_draft"
"video.error","Generic video chat error","Video chat error.","视频聊天出错。","視訊聊天發生錯誤。","ai_draft"
"rotation.title","Full-rotation mode title","Full Rotation","完整轮庄","完整輪莊","ai_draft"
"rotation.caption","Accessible rotation standings table caption","Table points for each player. Points may be negative and are not Jade.","每位玩家的牌桌积分。积分可以为负数，且并非玉。","每位玩家的牌桌積分。積分可以為負數，且並非玉。","ai_draft"
"rotation.player","Rotation standings player column","Player","玩家","玩家","ai_draft"
"rotation.seat","Rotation standings seat column","Seat","座位","座位","ai_draft"
"rotation.tablePoints","Rotation standings table-points column","Table points","牌桌积分","牌桌積分","ai_draft"
"rotation.you","Current player marker in standings","(you)","（你）","（你）","ai_draft"
"rotation.dealing","Current dealer marker in standings","dealing","正在坐庄","正在坐莊","ai_draft"
"rotation.footnote","Rotation points and currency explanation","Table points decide the ranking. Full Rotation stakes no Jade.","牌桌积分决定排名。完整轮庄模式不押注玉。","牌桌積分決定排名。完整輪莊模式不押注玉。","ai_draft"
"rotation.nextHand","Inter-hand countdown","Next hand in {seconds}s","下一局将在 {seconds} 秒后开始","下一局將在 {seconds} 秒後開始","ai_draft"
"rotation.dealingNext","Next rotation hand startup","Dealing the next hand…","正在发下一局牌…","正在發下一局牌…","ai_draft"
"rotation.finalStandings","Completed rotation standings heading","Final standings","最终排名","最終排名","ai_draft"
"rotation.placementXp","Rotation placement experience award","Placement XP: +{xp}","排名经验值：+{xp}","排名經驗值：+{xp}","ai_draft"
"xp.progress","Post-hand progression heading","Progress","进度","進度","ai_draft"
"xp.none","No post-hand experience award","No XP from this hand","本局未获得经验值","本局未獲得經驗值","ai_draft"
"xp.maximumLevelReached","Post-hand maximum progression state","Maximum level reached","已达到最高等级","已達到最高等級","ai_draft"
"xp.practiceCap","Practice progression-neutral explanation","Solo Practice is progression-neutral. Levels and achievements are earned through Online Play.","单人练习不会影响成长进度。等级和成就需通过在线对局获得。","單人練習不會影響成長進度。等級和成就須透過線上對局獲得。","ai_draft"
"xp.toLevel","Post-hand XP required for next level","{current} / {needed} XP to level {level}","升级到等级 {level}：{current} / {needed} 经验值","升級到等級 {level}：{current} / {needed} 經驗值","ai_draft"
"xp.nextReward","Next progression reward description","Next reward: {name} {kind} at level {level}","下一项奖励：等级 {level} 的{name}{kind}","下一項獎勵：等級 {level} 的{name}{kind}","ai_draft"
"xp.kindTitle","Lowercase reward kind in sentence","title","称号","稱號","ai_draft"
"xp.kindTableTheme","Lowercase reward kind in sentence","table theme","牌桌主题","牌桌主題","ai_draft"
"xp.kindTileSkin","Lowercase reward kind in sentence","tile skin","麻将牌外观","麻將牌外觀","ai_draft"
"xp.kindAvatarFrame","Lowercase reward kind in sentence","avatar frame","头像框","頭像框","ai_draft"
"result.winningReveal","Accessible winning-hand reveal status","Winning hand revealed","已展示获胜手牌","已展示獲勝手牌","ai_draft"
"result.friendSendError","Fallback friend request error on result screen","The friend request could not be sent. Please retry.","无法发送好友请求。请重试。","無法傳送好友邀請。請重試。","ai_draft"
"result.players","Result-screen players category","Players","玩家","玩家","ai_draft"
"result.addFriends","Post-hand friend action heading","Add friends from this hand","添加本局玩家为好友","新增本局玩家為好友","ai_draft"
"result.opponent","Singular opponent count","{count} opponent","{count} 名对手","{count} 名對手","ai_draft"
"result.opponents","Plural opponent count","{count} opponents","{count} 名对手","{count} 名對手","ai_draft"
"result.friendIntro","Post-hand friend action explanation","Send a request while this table is still fresh. Your next match will still use a new queue.","趁这局记忆犹新时发送请求。下一场对局仍会重新排队。","趁這局記憶猶新時傳送邀請。下一場對局仍會重新排隊。","ai_draft"
"result.checkingFriends","Friend relationship loading status","Checking friend status…","正在检查好友状态…","正在檢查好友狀態…","ai_draft"
"result.noOpponents","No eligible opponents on result screen","No eligible opponents were found for this hand.","本局未找到可添加的对手。","本局未找到可新增的對手。","ai_draft"
"result.friends","Existing post-hand friend relationship","Friends","好友","好友","ai_draft"
"result.requestSent","Post-hand outgoing friend request status","Request sent","请求已发送","邀請已傳送","ai_draft"
"result.requestReceived","Post-hand incoming friend request status","Request received","已收到请求","已收到邀請","ai_draft"
"result.addFriendLabel","Accessible post-hand add-friend action","Add {player} as a friend","添加 {player} 为好友","新增 {player} 為好友","ai_draft"
"result.sending","Friend request send progress","Sending…","正在发送…","正在傳送…","ai_draft"
"result.addFriend","Post-hand add-friend action","Add Friend","添加好友","新增好友","ai_draft"
"result.youSeat","Current player's seat label","You ({wind})","你（{wind}）","你（{wind}）","ai_draft"
"result.walletSynced","Wallet settlement sync success","Settlement posted · AGS Wallet synced","结算已提交 · AGS 钱包已同步","結算已提交 · AGS 錢包已同步","ai_draft"
"result.walletQueued","Wallet settlement queued state","Settlement posted · AGS Wallet queued","结算已提交 · AGS 钱包已排队","結算已提交 · AGS 錢包已排入佇列","ai_draft"
"result.walletSyncing","Wallet settlement syncing state","Settlement posted · AGS Wallet syncing","结算已提交 · AGS 钱包正在同步","結算已提交 · AGS 錢包正在同步","ai_draft"
"result.walletServiceAttention","Wallet service authorization sync error","Settlement posted · Wallet sync needs service attention; your Jade is safe","结算已提交 · 钱包同步需要服务处理；你的玉是安全的","結算已提交 · 錢包同步需要服務處理；你的玉是安全的","ai_draft"
"result.walletDelayed","Retryable wallet sync delay","Settlement posted · Wallet sync delayed; retrying automatically","结算已提交 · 钱包同步延迟；正在自动重试","結算已提交 · 錢包同步延遲；正在自動重試","ai_draft"
"result.walletUnavailable","Unknown wallet sync state","Settlement posted · Wallet status unavailable","结算已提交 · 钱包状态不可用","結算已提交 · 無法取得錢包狀態","ai_draft"
"result.selfDraw","Self-draw win type English label","Self-Draw","自摸","自摸","ai_draft"
"result.robbingKong","Robbing-the-Kong win type English label","Robbing the Kong","抢杠胡","搶槓胡","ai_draft"
"result.eightFlowers","Eight Flowers win type English label","Eight Flowers Win","八仙过海","八仙過海","ai_draft"
"result.heavenlyHand","Heavenly Hand win type English label","Heavenly Hand","天胡","天胡","ai_draft"
"result.exhaustiveDraw","Exhaustive draw result type English label","Exhaustive Draw","流局","流局","ai_draft"
"result.discardRelationship","Accessible discard-win relationship","{payer} discarded the winning tile to {winners}","{payer} 打出的牌让 {winners} 胡牌","{payer} 打出的牌讓 {winners} 胡牌","ai_draft"
"result.discardedWinningTile","Discard-win relationship arrow","discarded winning tile","打出胡牌张","打出胡牌張","ai_draft"
"result.to","Discard-win relationship arrow","to","给","給","ai_draft"
"result.drewWinningTileLabel","Accessible self-draw relationship","{winners} drew the winning tile","{winners} 自摸胡牌","{winners} 自摸胡牌","ai_draft"
"result.drewWinningTile","Self-draw relationship description","drew the winning tile themselves","自行摸到胡牌张","自行摸到胡牌張","ai_draft"
"result.winningTile","Winning tile label","Winning tile","胡牌张","胡牌張","ai_draft"
"result.whatIsThis","Open scoring pattern explanation","What is this?","这是什么？","這是什麼？","ai_draft"
"result.each","Per-instance scoring pattern suffix","each","每组","每組","ai_draft"
"result.worthMore","Scoring pattern upgrade label","Worth more","更高台数","更高台數","ai_draft"
"result.tradeOff","Scoring pattern cost label","The trade-off","取舍","取捨","ai_draft"
"result.winningHand","Winning hand heading","Winning hand","获胜手牌","獲勝手牌","ai_draft"
"result.rawScore","Raw Tai score label","Raw score","原始台数","原始台數","ai_draft"
"result.rawScoreLabel","Accessible raw Tai score","{tai} raw Tai","原始台数 {tai} 台","原始台數 {tai} 台","ai_draft"
"result.decomposition","Accessible winning hand decomposition","Winning hand decomposition","获胜手牌组合","獲勝手牌組合","ai_draft"
"result.scoringDetails","Scoring explanation toggle","Scoring details","计分详情","計分詳情","ai_draft"
"result.scoringPatterns","Accessible scoring pattern list","Scoring patterns","计分牌型","計分牌型","ai_draft"
"result.rawSubtotal","Raw Tai subtotal label","Raw subtotal","原始小计","原始小計","ai_draft"
"result.jadePerTai","Settlement payment calculation","{stake} Jade per 台 × {tai} 台 = {amount} Jade","每台 {stake} 玉 × {tai} 台 = {amount} 玉","每台 {stake} 玉 × {tai} 台 = {amount} 玉","ai_draft"
"result.rawPayment","Practice or unstaked raw payment","Raw payment: {amount} {unit}","原始支付：{amount} {unit}","原始支付：{amount} {unit}","ai_draft"
"result.debitCap","Debit cap applied to settlement transfer","Debit cap applied: {raw} → {amount} {unit}","已应用扣款上限：{raw} → {amount} {unit}","已套用扣款上限：{raw} → {amount} {unit}","ai_draft"
"result.practicePoints","Non-persistent Practice scoring unit","Practice points","练习积分","練習積分","ai_draft"
"result.settlement","Settlement result category","Settlement","结算","結算","ai_draft"
"result.practiceScore","Practice settlement heading","Practice score only","仅练习计分","僅練習計分","ai_draft"
"result.jadeMoved","Staked settlement heading","Jade moved between players","玉已在玩家之间转移","玉已在玩家之間轉移","ai_draft"
"result.balanced","Balanced settlement status","Balances to zero","收支平衡","收支平衡","ai_draft"
"result.reviewRequired","Unbalanced settlement warning","Review required","需要检查","需要檢查","ai_draft"
"result.tableStake","Table stake summary","Table stake: {stake} Jade per 台","牌桌押注：每台 {stake} 玉","牌桌押注：每台 {stake} 玉","ai_draft"
"result.debitCapValue","Table debit cap summary","Debit cap: {cap} Jade","扣款上限：{cap} 玉","扣款上限：{cap} 玉","ai_draft"
"result.noPracticeChange","No Practice-points transfer","No Practice points changed.","练习积分没有变化。","練習積分沒有變化。","ai_draft"
"result.noJadeChange","No Jade transfer","No Jade changed hands.","没有玉发生转移。","沒有玉發生轉移。","ai_draft"
"result.netChangesLabel","Accessible settlement net changes","Net {unit} changes","{unit}净变化","{unit}淨變化","ai_draft"
"result.netChange","Settlement net-change heading","Net change","净变化","淨變化","ai_draft"
"result.practiceReconciled","Balanced Practice settlement explanation","{paid} Practice points paid = {received} received. Practice points do not persist.","支付 {paid} 练习积分 = 收到 {received}。练习积分不会保存。","支付 {paid} 練習積分 = 收到 {received}。練習積分不會保存。","ai_draft"
"result.jadeReconciled","Balanced Jade settlement explanation","{paid} Jade paid = {received} received. No Jade was created or removed.","支付 {paid} 玉 = 收到 {received} 玉。没有新增或移除任何玉。","支付 {paid} 玉 = 收到 {received} 玉。沒有新增或移除任何玉。","ai_draft"
"result.unbalanced","Unbalanced settlement explanation","{paid} paid does not match {received} received. This settlement needs review.","支付的 {paid} 与收到的 {received} 不一致。此结算需要检查。","支付的 {paid} 與收到的 {received} 不一致。此結算需要檢查。","ai_draft"
"result.milestone","Achievement unlock category","Milestone reached","达成里程碑","達成里程碑","ai_draft"
"result.achievementUnlocked","Singular post-hand achievement heading","Achievement unlocked","已解锁成就","已解鎖成就","ai_draft"
"result.achievementsUnlocked","Plural post-hand achievement heading","Achievements unlocked","已解锁成就","已解鎖成就","ai_draft"
"result.completedPublic","Achievement unlock eligibility note","Completed on this public hand","在本次公开对局中完成","在本次公開對局中完成","ai_draft"
"result.screenLabel","Accessible hand result region","Hand result","本局结果","本局結果","ai_draft"
"result.practiceResult","Practice result notice heading","Practice result","练习结果","練習結果","ai_draft"
"result.practiceNote","Practice result progression note","No Jade, rating, level, or achievement progress changed.","玉、评分、等级和成就进度均未变化。","玉、評分、等級和成就進度均未變化。","ai_draft"
"result.hand","Scoring result category","Hand","手牌","手牌","ai_draft"
"result.scoringBreakdown","Scoring breakdown heading before the Tai unit","Scoring Breakdown","计分明细","計分明細","ai_draft"
"result.noWinner","Draw result explanation","No winner this hand.","本局无人胡牌。","本局無人胡牌。","ai_draft"
"result.dealerTai","Dealer Tai bonus","Dealer Tai: +{tai}","庄家台：+{tai}","莊家台：+{tai}","ai_draft"
"result.dealerTaiApplied","Dealer Tai bonus explanation","Applied when {dealer} is the winner or payer.","当 {dealer} 为获胜者或付款者时适用。","當 {dealer} 為獲勝者或付款者時適用。","ai_draft"
"result.yourBalance","Player Jade balance category","Your balance","你的余额","你的餘額","ai_draft"
"result.receivedJade","Positive Jade settlement delta","You received {amount} Jade","你收到了 {amount} 玉","你收到了 {amount} 玉","ai_draft"
"result.paidJade","Negative Jade settlement delta","You paid {amount} Jade","你支付了 {amount} 玉","你支付了 {amount} 玉","ai_draft"
"result.yourJadeUnchanged","Zero Jade settlement delta","Your Jade did not change","你的玉没有变化","你的玉沒有變化","ai_draft"
"result.balanceChangedLabel","Accessible Jade balance equation","Balance changed from {before} to {after} Jade","玉余额从 {before} 变为 {after}","玉餘額從 {before} 變為 {after}","ai_draft"
"result.before","Balance before settlement","Before","之前","之前","ai_draft"
"result.change","Balance settlement change","Change","变化","變化","ai_draft"
"result.newBalance","Balance after settlement","New balance","新余额","新餘額","ai_draft"
"result.postingJade","Jade settlement posting status","Posting Jade settlement…","正在提交玉结算…","正在提交玉結算…","ai_draft"
"result.nextHand","Next hand category","Next hand","下一局","下一局","ai_draft"
"result.dealerRetains","Dealer continuation result","{dealer} remains dealer · continuation {count}","{dealer} 继续坐庄 · 连庄 {count}","{dealer} 繼續坐莊 · 連莊 {count}","ai_draft"
"result.dealerRotates","Dealer rotation result","Dealer rotates to {dealer}","庄家轮换为 {dealer}","莊家輪換為 {dealer}","ai_draft"
"result.matchId","Result match identifier label","Match ID","对局 ID","對局 ID","ai_draft"
"result.playAgain","Play another match action","Play Again","再玩一局","再玩一局","ai_draft"
"result.returnLobby","Return to lobby action","Return to Lobby","返回大厅","返回大廳","ai_draft"
"result.reportIssues","Report post-match issue action","Report Issues","报告问题","回報問題","ai_draft"
"result.jadeWorth","Scoring pattern value at the current table","{amount} Jade at this table","在本牌桌价值 {amount} 玉","在本牌桌價值 {amount} 玉","ai_draft"
"scoring.baseWin","Scoring pattern name","Base Win","基础胡牌","基礎胡牌","ai_draft"
"scoring.concealed","Scoring pattern name","Concealed","门清","門清","ai_draft"
"scoring.concealedZimo","Scoring pattern name","Concealed Zimo","门清自摸","門清自摸","ai_draft"
"scoring.fullyExposed","Scoring pattern name","Fully Exposed","全求人","全求人","ai_draft"
"scoring.allChows","Scoring pattern name","All Chows","全顺子","全順子","ai_draft"
"scoring.allPongs","Scoring pattern name","All Pongs","碰碰胡","碰碰胡","ai_draft"
"scoring.threeConcealedPongs","Scoring pattern name","Three Concealed Pongs","三暗刻","三暗刻","ai_draft"
"scoring.fourConcealedPongs","Scoring pattern name","Four Concealed Pongs","四暗刻","四暗刻","ai_draft"
"scoring.fiveConcealedPongs","Scoring pattern name","Five Concealed Pongs","五暗刻","五暗刻","ai_draft"
"scoring.halfFlush","Scoring pattern name","Half Flush","混一色","混一色","ai_draft"
"scoring.fullFlush","Scoring pattern name","Full Flush","清一色","清一色","ai_draft"
"scoring.allHonors","Scoring pattern name","All Honors","字一色","字一色","ai_draft"
"scoring.noHonorsFlowers","Scoring pattern name","No Honors or Flowers","无字无花","無字無花","ai_draft"
"scoring.seatWind","Scoring pattern name","Seat Wind Set","门风刻","門風刻","ai_draft"
"scoring.prevailingWind","Scoring pattern name","Prevailing Wind Set","圈风刻","圈風刻","ai_draft"
"scoring.smallThreeDragons","Scoring pattern name","Small Three Dragons","小三元","小三元","ai_draft"
"scoring.bigThreeDragons","Scoring pattern name","Big Three Dragons","大三元","大三元","ai_draft"
"scoring.smallFourWinds","Scoring pattern name","Small Four Winds","小四喜","小四喜","ai_draft"
"scoring.bigFourWinds","Scoring pattern name","Big Four Winds","大四喜","大四喜","ai_draft"
"scoring.concealedKong","Scoring pattern name","Concealed Kong","暗杠","暗槓","ai_draft"
"scoring.exposedKong","Scoring pattern name","Exposed/Added Kong","明杠／加杠","明槓／加槓","ai_draft"
"scoring.singleWait","Scoring pattern name","Single Wait","单骑听","單騎聽","ai_draft"
"scoring.replacementWin","Scoring pattern name","Win After Replacement","杠上开花","槓上開花","ai_draft"
"scoring.lastTileZimo","Scoring pattern name","Last Tile Zimo","海底捞月","海底撈月","ai_draft"
"scoring.robbingAddedKong","Scoring pattern name","Robbing an Added Kong","抢杠胡","搶槓胡","ai_draft"
"scoring.matchingFlower","Scoring pattern name","Matching Flower","正花","正花","ai_draft"
"scoring.completeFlowers","Scoring pattern name","Complete Flowers","四花齐","四花齊","ai_draft"
"scoring.completeSeasons","Scoring pattern name","Complete Seasons","四季齐","四季齊","ai_draft"
"scoring.eightFlowers","Scoring pattern name","Eight Flowers","八仙过海","八仙過海","ai_draft"
"scoring.earthlyHand","Scoring pattern name","Earthly Hand","地胡","地胡","ai_draft"
"scoring.baseWhat","Base Win guide definition","Every completed hand scores this. It is the floor, not a bonus.","每副完成的胡牌都会计入此项。这是基础分，并非额外奖励。","每副完成的胡牌都會計入此項。這是基礎分，並非額外獎勵。","ai_draft"
"scoring.baseBuild","Base Win guide strategy","Four sets and a pair. Everything else on this list is added on top, so the difference between a 1台 hand and a 10台 one is entirely what you build around it.","四组牌加一对将牌。列表中的其他项目都会在此基础上叠加，因此 1 台与 10 台手牌的差别完全取决于你围绕基础牌型构建了什么。","四組牌加一對將牌。列表中的其他項目都會在此基礎上疊加，因此 1 台與 10 台手牌的差別完全取決於你圍繞基礎牌型建立了什麼。","ai_draft"
"scoring.concealedWhat","Concealed guide definition","Won on a discard with nothing melded — the whole hand built in private.","没有任何副露，以对手弃牌胡牌——整副手牌都在暗中组成。","沒有任何副露，以對手棄牌胡牌——整副手牌都在暗中組成。","ai_draft"
"scoring.concealedBuild","Concealed guide strategy","Pass on Chow and Pong that only slightly improve the hand.","如果吃或碰只能小幅改善手牌，可以选择放弃。","如果吃或碰只能小幅改善手牌，可以選擇放棄。","ai_draft"
"scoring.concealedUpgrade","Concealed guide upgrade","Draw the winning tile yourself instead of taking a discard: 3台, not 1.","不靠弃牌而是自行摸到胡牌张：计 3 台，而非 1 台。","不靠棄牌而是自行摸到胡牌張：計 3 台，而非 1 台。","ai_draft"
"scoring.concealedCost","Concealed guide trade-off","Declining melds means a slower hand and more chances for someone else to win first.","拒绝副露会让成牌速度变慢，也会增加他人先胡牌的机会。","拒絕副露會讓成牌速度變慢，也會增加他人先胡牌的機會。","ai_draft"
"scoring.zimoWhat","Zimo guide definition","Self-drawn win. All three opponents pay, rather than one discarder.","自摸胡牌。由三名对手共同支付，而不是只由一名出铳者支付。","自摸胡牌。由三名對手共同支付，而不是只由一名放槍者支付。","ai_draft"
"scoring.zimoBuild","Zimo guide strategy","Nothing to build — it is how the winning tile arrives.","无需特意构建——它取决于胡牌张的到来方式。","無須特意建立——它取決於胡牌張的到來方式。","ai_draft"
"scoring.zimoUpgrade","Zimo guide upgrade","The same self-draw on an unmelded hand is worth 3台 instead of 1.","同样的自摸若手牌没有副露，则计 3 台而非 1 台。","同樣的自摸若手牌沒有副露，則計 3 台而非 1 台。","ai_draft"
"scoring.concealedZimoWhat","Concealed Zimo guide definition","Self-drawn win on a hand with nothing melded. The best of the routine wins.","没有任何副露并自摸胡牌，是常规胡牌中的高价值组合。","沒有任何副露並自摸胡牌，是常規胡牌中的高價值組合。","ai_draft"
"scoring.concealedZimoBuild","Concealed Zimo guide strategy","Keep the hand closed and draw your own tile.","保持门清，并自行摸到胡牌张。","保持門清，並自行摸到胡牌張。","ai_draft"
"scoring.concealedZimoCost","Concealed Zimo guide trade-off","Requires both patience and luck; a closed hand cannot be rescued by a discard.","既需要耐心也需要运气；门清手牌无法靠对手的弃牌来加速副露。","既需要耐心也需要運氣；門清手牌無法靠對手的棄牌來加速副露。","ai_draft"
"scoring.exposedWhat","Fully Exposed guide definition","Won on a discard with all five sets melded — the opposite approach to Concealed.","五组牌全部副露后以弃牌胡牌——与门清完全相反。","五組牌全部副露後以棄牌胡牌——與門清完全相反。","ai_draft"
"scoring.exposedBuild","Fully Exposed guide strategy","Take every Chow, Pong and Kong on offer and race to finish first.","抓住每次吃、碰、杠的机会，争取率先成牌。","抓住每次吃、碰、槓的機會，爭取率先成牌。","ai_draft"
"scoring.exposedCost","Fully Exposed guide trade-off","Every meld shows opponents what you are collecting, and the hand cannot score Concealed.","每次副露都会让对手看出你的目标，而且手牌无法再计门清。","每次副露都會讓對手看出你的目標，而且手牌無法再計門清。","ai_draft"
"scoring.allChowsWhat","All Chows guide definition","Every set is a run. The most common shape, and the cheapest.","每组牌都是顺子。这是最常见、台数最低的牌型。","每組牌都是順子。這是最常見、台數最低的牌型。","ai_draft"
"scoring.allChowsBuild","All Chows guide strategy","Collect consecutive tiles in the same suit.","收集同一花色的连续牌。","收集同一花色的連續牌。","ai_draft"
"scoring.allChowsUpgrade","All Chows guide upgrade","A hand of triplets instead of runs is worth double.","由刻子而非顺子组成的手牌价值翻倍。","由刻子而非順子組成的手牌價值翻倍。","ai_draft"
"scoring.allPongsWhat","All Pongs guide definition","Every set is a triplet or Kong. Double what runs pay.","每组牌都是刻子或杠子，价值是全顺子的两倍。","每組牌都是刻子或槓子，價值是全順子的兩倍。","ai_draft"
"scoring.allPongsBuild","All Pongs guide strategy","Pong pairs rather than chasing runs; keep pairs over lone tiles.","优先将对子碰成刻子，不要追求顺子；保留对子而非单张。","優先將對子碰成刻子，不要追求順子；保留對子而非單張。","ai_draft"
"scoring.allPongsUpgrade","All Pongs guide upgrade","Make those triplets by drawing rather than by claiming discards.","通过自摸而非鸣牌组成这些刻子。","透過自摸而非鳴牌組成這些刻子。","ai_draft"
"scoring.allPongsCost","All Pongs guide trade-off","Triplets need three of a kind, so the hand is narrower than a run-based one.","刻子需要三张相同的牌，因此成牌范围比顺子手牌更窄。","刻子需要三張相同的牌，因此成牌範圍比順子手牌更窄。","ai_draft"
"scoring.threeConcealedWhat","Three Concealed Pongs guide definition","Three triplets formed by drawing, not by claiming discards.","三个通过自摸而非鸣牌组成的刻子。","三個透過自摸而非鳴牌組成的刻子。","ai_draft"
"scoring.threeConcealedBuild","Three Concealed Pongs guide strategy","Draw into pairs instead of Ponging them.","对子尽量靠自摸补成刻子，而不是碰牌。","對子盡量靠自摸補成刻子，而不是碰牌。","ai_draft"
"scoring.threeConcealedUpgrade","Three Concealed Pongs guide upgrade","One more self-drawn triplet more than doubles this.","再增加一个自摸刻子，台数将超过两倍。","再增加一個自摸刻子，台數將超過兩倍。","ai_draft"
"scoring.fourConcealedWhat","Four Concealed Pongs guide definition","Four self-drawn triplets. A serious hand.","四个自摸组成的刻子，是一副高价值手牌。","四個自摸組成的刻子，是一副高價值手牌。","ai_draft"
"scoring.fourConcealedUpgrade","Four Concealed Pongs guide upgrade","A fifth concealed triplet takes it to 8台.","第五个暗刻会使其达到 8 台。","第五個暗刻會使其達到 8 台。","ai_draft"
"scoring.fiveConcealedWhat","Five Concealed Pongs guide definition","Every set a self-drawn triplet. One of the rarest routine hands.","每组牌都是自摸组成的刻子，是最罕见的常规手牌之一。","每組牌都是自摸組成的刻子，是最罕見的常規手牌之一。","ai_draft"
"scoring.halfFlushWhat","Half Flush guide definition","One numbered suit plus honour tiles.","一种数牌花色加上字牌。","一種數牌花色加上字牌。","ai_draft"
"scoring.halfFlushBuild","Half Flush guide strategy","Pick a suit early and discard the other two; keep honours.","尽早选定一种花色并舍弃另外两种，同时保留字牌。","儘早選定一種花色並捨棄另外兩種，同時保留字牌。","ai_draft"
"scoring.halfFlushUpgrade","Half Flush guide upgrade","The same hand with the honours removed is worth double.","同样的手牌去掉所有字牌后，价值翻倍。","同樣的手牌去掉所有字牌後，價值翻倍。","ai_draft"
"scoring.fullFlushWhat","Full Flush guide definition","One numbered suit and nothing else — no honours at all.","只包含一种数牌花色——完全没有字牌。","只包含一種數牌花色——完全沒有字牌。","ai_draft"
"scoring.fullFlushBuild","Full Flush guide strategy","Commit to a suit and discard every honour, however useful it looks.","专注一种花色，并舍弃所有字牌，无论它们看起来多么有用。","專注一種花色，並捨棄所有字牌，無論它們看起來多麼有用。","ai_draft"
"scoring.fullFlushCost","Full Flush guide trade-off","Opponents read a flush quickly from your discards and will hold your suit back.","对手会很快从弃牌看出你在做清一色，并扣住你需要的花色。","對手會很快從棄牌看出你在做清一色，並扣住你需要的花色。","ai_draft"
"scoring.allHonorsWhat","All Honors guide definition","No numbered tiles whatsoever — winds and dragons only.","完全没有数牌——只包含风牌和三元牌。","完全沒有數牌——只包含風牌和三元牌。","ai_draft"
"scoring.allHonorsBuild","All Honors guide strategy","Only realistic when the deal already favours it.","只有起手牌已经非常有利时才现实。","只有起手牌已經非常有利時才實際。","ai_draft"
"scoring.noHonorsWhat","No Honors or Flowers guide definition","A hand of numbered tiles alone, with no honours and no flowers scored.","手牌只含数牌，不含字牌，也不计花牌。","手牌只含數牌，不含字牌，也不計花牌。","ai_draft"
"scoring.noHonorsBuild","No Honors or Flowers guide strategy","Discard honours early and take no flower bonuses.","尽早舍弃字牌，并且不计任何花牌奖励。","儘早捨棄字牌，並且不計任何花牌獎勵。","ai_draft"
"scoring.seatWindWhat","Seat Wind Set guide definition","A triplet of your own seat wind.","由自己的门风牌组成的刻子。","由自己的門風牌組成的刻子。","ai_draft"
"scoring.seatWindBuild","Seat Wind Set guide strategy","Hold a pair of your seat wind — it is worth more to you than to anyone else.","保留一对自己的门风牌——它对你的价值高于其他玩家。","保留一對自己的門風牌——它對你的價值高於其他玩家。","ai_draft"
"scoring.prevailingWindWhat","Prevailing Wind Set guide definition","A triplet of the round's prevailing wind.","由本圈圈风牌组成的刻子。","由本圈圈風牌組成的刻子。","ai_draft"
"scoring.prevailingWindBuild","Prevailing Wind Set guide strategy","Stacks with Seat Wind Set when the two winds are the same.","当圈风与门风相同时，可与门风刻叠加。","當圈風與門風相同時，可與門風刻疊加。","ai_draft"
"scoring.smallDragonsWhat","Small Three Dragons guide definition","Two dragon triplets and a pair of the third.","两组三元牌刻子，加上第三种三元牌的一对。","兩組三元牌刻子，加上第三種三元牌的一對。","ai_draft"
"scoring.smallDragonsUpgrade","Small Three Dragons guide upgrade","Turn that dragon pair into a triplet and the value doubles.","将那对三元牌组成刻子，价值就会翻倍。","將那對三元牌組成刻子，價值就會翻倍。","ai_draft"
"scoring.bigDragonsWhat","Big Three Dragons guide definition","All three dragon triplets.","三种三元牌全部组成刻子。","三種三元牌全部組成刻子。","ai_draft"
"scoring.smallWindsWhat","Small Four Winds guide definition","Three wind triplets and a pair of the fourth.","三组风牌刻子，加上第四种风牌的一对。","三組風牌刻子，加上第四種風牌的一對。","ai_draft"
"scoring.smallWindsUpgrade","Small Four Winds guide upgrade","Complete the fourth wind triplet to double it again.","完成第四组风牌刻子，价值再次翻倍。","完成第四組風牌刻子，價值再次翻倍。","ai_draft"
"scoring.bigWindsWhat","Big Four Winds guide definition","All four wind triplets. Among the largest hands in the game.","四种风牌全部组成刻子，是游戏中价值最高的手牌之一。","四種風牌全部組成刻子，是遊戲中價值最高的手牌之一。","ai_draft"
"scoring.concealedKongWhat","Concealed Kong guide definition","Four identical tiles declared from your own hand. 2台 for each one.","从自己手牌中声明四张相同的牌。每组计 2 台。","從自己手牌中宣告四張相同的牌。每組計 2 台。","ai_draft"
"scoring.concealedKongBuild","Concealed Kong guide strategy","Draw the fourth tile of a triplet you already hold and declare it.","摸到手中已有刻子的第四张相同牌后声明暗杠。","摸到手中已有刻子的第四張相同牌後宣告暗槓。","ai_draft"
"scoring.concealedKongCost","Concealed Kong guide trade-off","A Kong draws a replacement tile and opens a rob window on an added Kong.","杠牌后会补摸一张牌；加杠时也会开启抢杠胡窗口。","槓牌後會補摸一張牌；加槓時也會開啟搶槓胡窗口。","ai_draft"
"scoring.exposedKongWhat","Exposed or Added Kong guide definition","A Kong completed from a discard, or added to a melded Pong. 1台 for each one.","利用弃牌完成的杠，或在已副露的碰牌上加杠。每组计 1 台。","利用棄牌完成的槓，或在已副露的碰牌上加槓。每組計 1 台。","ai_draft"
"scoring.exposedKongUpgrade","Exposed or Added Kong guide upgrade","The same four tiles kept in hand are worth double.","同样四张牌若保留在手中组成暗杠，价值翻倍。","同樣四張牌若保留在手中組成暗槓，價值翻倍。","ai_draft"
"scoring.singleWaitWhat","Single Wait guide definition","The hand was waiting on exactly one tile when it won.","胡牌时手牌恰好只等待一种牌。","胡牌時手牌恰好只等待一種牌。","ai_draft"
"scoring.singleWaitBuild","Single Wait guide strategy","Not chased directly — it is the shape a narrow wait leaves behind.","不必刻意追求——它是窄听牌自然形成的牌型。","不必刻意追求——它是窄聽牌自然形成的牌型。","ai_draft"
"scoring.replacementWhat","Win After Replacement guide definition","Won on the replacement tile drawn after a flower or a Kong.","在花牌或杠牌后补摸的牌上胡牌。","在花牌或槓牌後補摸的牌上胡牌。","ai_draft"
"scoring.lastTileWhat","Last Tile Zimo guide definition","Self-drew the winning tile as the last drawable tile of the wall.","自摸牌墙中最后一张可摸牌并胡牌。","自摸牌牆中最後一張可摸牌並胡牌。","ai_draft"
"scoring.robbingWhat","Robbing an Added Kong guide definition","Won on the tile an opponent added to their melded Pong.","利用对手为已碰牌加杠的那张牌胡牌。","利用對手為已碰牌加槓的那張牌胡牌。","ai_draft"
"scoring.robbingBuild","Robbing an Added Kong guide strategy","Watch for a Kong added to a meld you were already waiting on.","留意对手是否将你正在等待的牌加到已副露的碰牌上。","留意對手是否將你正在等待的牌加到已副露的碰牌上。","ai_draft"
"scoring.matchingFlowerWhat","Matching Flower guide definition","A flower or season matching your seat position.","与自己座位位置相配的花牌或季节牌。","與自己座位位置相配的花牌或季節牌。","ai_draft"
"scoring.matchingFlowerBuild","Matching Flower guide strategy","Flowers are drawn, not chosen — they replace themselves automatically.","花牌由摸牌获得，无法选择——摸到后会自动补牌。","花牌由摸牌獲得，無法選擇——摸到後會自動補牌。","ai_draft"
"scoring.completeFlowersWhat","Complete Flowers guide definition","All four flowers.","集齐四张花牌。","集齊四張花牌。","ai_draft"
"scoring.completeSeasonsWhat","Complete Seasons guide definition","All four seasons.","集齐四张季节牌。","集齊四張季節牌。","ai_draft"
"scoring.eightFlowersWhat","Eight Flowers guide definition","All eight flowers and seasons — an immediate win in its own right.","集齐八张花牌与季节牌——可立即胡牌。","集齊八張花牌與季節牌——可立即胡牌。","ai_draft"
"scoring.heavenlyWhat","Heavenly Hand guide definition","The dealer's opening hand was already complete. The largest hand in the game.","庄家的起手牌已经完成，是游戏中价值最高的手牌。","莊家的起手牌已經完成，是遊戲中價值最高的手牌。","ai_draft"
"scoring.earthlyWhat","Earthly Hand guide definition","A non-dealer won on the dealer's very first discard.","非庄家利用庄家的第一张弃牌胡牌。","非莊家利用莊家的第一張棄牌胡牌。","ai_draft"
"friends.title","Friends panel title","Friends","好友","好友","ai_draft"
"friends.loading","Friends loading status","Loading friends…","正在加载好友…","正在載入好友…","ai_draft"
"friends.ownIdError","Attempt to friend oneself","That is your own player ID.","这是你自己的玩家 ID。","這是你自己的玩家 ID。","ai_draft"
"friends.requests","Incoming friend request count","Friend requests ({count})","好友请求（{count}）","好友邀請（{count}）","ai_draft"
"friends.accept","Accept friend request","Accept","接受","接受","ai_draft"
"friends.decline","Decline friend request","Decline","拒绝","拒絕","ai_draft"
"friends.yours","Friend count heading","Your friends ({count})","你的好友（{count}）","你的好友（{count}）","ai_draft"
"friends.empty","Empty friend list","No friends yet. Share your player ID below and add theirs.","还没有好友。请分享下方的玩家 ID，并添加对方的 ID。","還沒有好友。請分享下方的玩家 ID，並新增對方的 ID。","ai_draft"
"friends.invite","Invite friend to party","Invite","邀请","邀請","ai_draft"
"friends.offlineTitle","Disabled invite explanation","They are offline","对方当前离线","對方目前離線","ai_draft"
"friends.partyFullTitle","Disabled invite explanation","Your party is full","你的队伍已满","你的隊伍已滿","ai_draft"
"friends.sent","Outgoing request count","Sent ({count})","已发送（{count}）","已傳送（{count}）","ai_draft"
"friends.addById","Add-friend form label","Add a friend by player ID","使用玩家 ID 添加好友","使用玩家 ID 新增好友","ai_draft"
"friends.pasteId","Player-ID input placeholder","Paste their player ID","粘贴对方的玩家 ID","貼上對方的玩家 ID","ai_draft"
"friends.add","Add friend action","Add","添加","新增","ai_draft"
"friends.yourId","Current player's shareable ID","Your player ID: {id}","你的玩家 ID：{id}","你的玩家 ID：{id}","ai_draft"
"friends.online","Friend presence","Online","在线","線上","ai_draft"
"friends.inMatch","Friend presence","In a match","对局中","對局中","ai_draft"
"friends.offline","Friend presence","Offline","离线","離線","ai_draft"
